name,_fetched_at
华为鲲鹏,2026-08-16T21:17:27.577296+08:00
磷化工,2026-08-16T21:17:27.577296+08:00
注册制次新股,2026-08-16T21:17:27.577296+08:00
工业大麻,2026-08-16T21:17:27.577296+08:00
足球概念,2026-08-16T21:17:27.577296+08:00
人造肉,2026-08-16T21:17:27.577296+08:00
腾讯概念,2026-08-16T21:17:27.577296+08:00
新能源汽车,2026-08-16T21:17:27.577296+08:00
装配式建筑,2026-08-16T21:17:27.577296+08:00
AI视频,2026-08-16T21:17:27.577296+08:00
房屋检测,2026-08-16T21:17:27.577296+08:00
统一大市场,2026-08-16T21:17:27.577296+08:00
商业航天,2026-08-16T21:17:27.577296+08:00
WiFi 6,2026-08-16T21:17:27.577296+08:00
抽水蓄能,2026-08-16T21:17:27.577296+08:00
辅助生殖,2026-08-16T21:17:27.577296+08:00
TOPCON电池,2026-08-16T21:17:27.577296+08:00
重组蛋白,2026-08-16T21:17:27.577296+08:00
特色小镇,2026-08-16T21:17:27.577296+08:00
水利,2026-08-16T21:17:27.577296+08:00
国产操作系统,2026-08-16T21:17:27.577296+08:00
深圳国企改革,2026-08-16T21:17:27.577296+08:00
车联网(车路协同),2026-08-16T21:17:27.577296+08:00
空气能热泵,2026-08-16T21:17:27.577296+08:00
语音技术,2026-08-16T21:17:27.577296+08:00
国产航母,2026-08-16T21:17:27.577296+08:00
成飞概念,2026-08-16T21:17:27.577296+08:00
石墨烯,2026-08-16T21:17:27.577296+08:00
低空经济,2026-08-16T21:17:27.577296+08:00
芬太尼,2026-08-16T21:17:27.577296+08:00
转基因,2026-08-16T21:17:27.577296+08:00
参股券商,2026-08-16T21:17:27.577296+08:00
宠物经济,2026-08-16T21:17:27.577296+08:00
小米汽车,2026-08-16T21:17:27.577296+08:00
百度概念,2026-08-16T21:17:27.577296+08:00
股权转让(并购重组),2026-08-16T21:17:27.577296+08:00
沪股通,2026-08-16T21:17:27.577296+08:00
新疆振兴,2026-08-16T21:17:27.577296+08:00
中俄贸易概念,2026-08-16T21:17:27.577296+08:00
染料,2026-08-16T21:17:27.577296+08:00
华为数字能源,2026-08-16T21:17:27.577296+08:00
上海国企改革,2026-08-16T21:17:27.577296+08:00
猴痘概念,2026-08-16T21:17:27.577296+08:00
无线充电,2026-08-16T21:17:27.577296+08:00
粤港澳大湾区,2026-08-16T21:17:27.577296+08:00
绿色电力,2026-08-16T21:17:27.577296+08:00
物业管理,2026-08-16T21:17:27.577296+08:00
军工信息化,2026-08-16T21:17:27.577296+08:00
污水处理,2026-08-16T21:17:27.577296+08:00
数据要素,2026-08-16T21:17:27.577296+08:00
苹果概念,2026-08-16T21:17:27.577296+08:00
钛白粉概念,2026-08-16T21:17:27.577296+08:00
数据确权,2026-08-16T21:17:27.577296+08:00
粮食概念,2026-08-16T21:17:27.577296+08:00
长安汽车概念,2026-08-16T21:17:27.577296+08:00
毛发医疗,2026-08-16T21:17:27.577296+08:00
DeepSeek概念,2026-08-16T21:17:27.577296+08:00
海峡两岸,2026-08-16T21:17:27.577296+08:00
流感,2026-08-16T21:17:27.577296+08:00
信创,2026-08-16T21:17:27.577296+08:00
物联网,2026-08-16T21:17:27.577296+08:00
血氧仪,2026-08-16T21:17:27.577296+08:00
啤酒概念,2026-08-16T21:17:27.577296+08:00
土地流转,2026-08-16T21:17:27.577296+08:00
光刻胶,2026-08-16T21:17:27.577296+08:00
钙钛矿电池,2026-08-16T21:17:27.577296+08:00
华为昇腾,2026-08-16T21:17:27.577296+08:00
快手概念,2026-08-16T21:17:27.577296+08:00
家庭医生,2026-08-16T21:17:27.577296+08:00
大飞机,2026-08-16T21:17:27.577296+08:00
人形机器人,2026-08-16T21:17:27.577296+08:00
融资融券,2026-08-16T21:17:27.577296+08:00
减肥药,2026-08-16T21:17:27.577296+08:00
光刻机,2026-08-16T21:17:27.577296+08:00
深股通,2026-08-16T21:17:27.577296+08:00
举牌,2026-08-16T21:17:27.577296+08:00
阿尔茨海默概念,2026-08-16T21:17:27.577296+08:00
钒电池,2026-08-16T21:17:27.577296+08:00
养老概念,2026-08-16T21:17:27.577296+08:00
可控核聚变,2026-08-16T21:17:27.577296+08:00
体育产业,2026-08-16T21:17:27.577296+08:00
中字头股票,2026-08-16T21:17:27.577296+08:00
国企改革,2026-08-16T21:17:27.577296+08:00
华为欧拉,2026-08-16T21:17:27.577296+08:00
俄乌冲突概念,2026-08-16T21:17:27.577296+08:00
手机游戏,2026-08-16T21:17:27.577296+08:00
信托概念,2026-08-16T21:17:27.577296+08:00
小金属概念,2026-08-16T21:17:27.577296+08:00
烟草,2026-08-16T21:17:27.577296+08:00
共享单车,2026-08-16T21:17:27.577296+08:00
牙科医疗,2026-08-16T21:17:27.577296+08:00
存储芯片,2026-08-16T21:17:27.577296+08:00
AI眼镜,2026-08-16T21:17:27.577296+08:00
中韩自贸区,2026-08-16T21:17:27.577296+08:00
传感器,2026-08-16T21:17:27.577296+08:00
网约车,2026-08-16T21:17:27.577296+08:00
金属铜,2026-08-16T21:17:27.577296+08:00
证金持股,2026-08-16T21:17:27.577296+08:00
同花顺新质50,2026-08-16T21:17:27.577296+08:00
国家大基金持股,2026-08-16T21:17:27.577296+08:00
天然气,2026-08-16T21:17:27.577296+08:00
肝炎概念,2026-08-16T21:17:27.577296+08:00
AI手机,2026-08-16T21:17:27.577296+08:00
医药电商,2026-08-16T21:17:27.577296+08:00
医疗器械概念,2026-08-16T21:17:27.577296+08:00
中国AI 50,2026-08-16T21:17:27.577296+08:00
MCU芯片,2026-08-16T21:17:27.577296+08:00
旅游概念,2026-08-16T21:17:27.577296+08:00
EDR概念,2026-08-16T21:17:27.577296+08:00
眼科医疗,2026-08-16T21:17:27.577296+08:00
宁德时代概念,2026-08-16T21:17:27.577296+08:00
数字货币,2026-08-16T21:17:27.577296+08:00
智谱AI,2026-08-16T21:17:27.577296+08:00
汽车热管理,2026-08-16T21:17:27.577296+08:00
特钢概念,2026-08-16T21:17:27.577296+08:00
页岩气,2026-08-16T21:17:27.577296+08:00
智能家居,2026-08-16T21:17:27.577296+08:00
2026中报预增,2026-08-16T21:17:27.577296+08:00
医美概念,2026-08-16T21:17:27.577296+08:00
同花顺中特估100,2026-08-16T21:17:27.577296+08:00
农机,2026-08-16T21:17:27.577296+08:00
汽车芯片,2026-08-16T21:17:27.577296+08:00
富士康概念,2026-08-16T21:17:27.577296+08:00
海工装备,2026-08-16T21:17:27.577296+08:00
脑机接口,2026-08-16T21:17:27.577296+08:00
同花顺果指数,2026-08-16T21:17:27.577296+08:00
飞行汽车(eVTOL),2026-08-16T21:17:27.577296+08:00
数字乡村,2026-08-16T21:17:27.577296+08:00
氢能源,2026-08-16T21:17:27.577296+08:00
参股保险,2026-08-16T21:17:27.577296+08:00
机器人概念,2026-08-16T21:17:27.577296+08:00
虚拟现实,2026-08-16T21:17:27.577296+08:00
新型城镇化,2026-08-16T21:17:27.577296+08:00
冰雪产业,2026-08-16T21:17:27.577296+08:00
电子竞技,2026-08-16T21:17:27.577296+08:00
东数西算(算力),2026-08-16T21:17:27.577296+08:00
高压氧舱,2026-08-16T21:17:27.577296+08:00
央企国企改革,2026-08-16T21:17:27.577296+08:00
核污染防治,2026-08-16T21:17:27.577296+08:00
智慧政务,2026-08-16T21:17:27.577296+08:00
智能医疗,2026-08-16T21:17:27.577296+08:00
无人驾驶,2026-08-16T21:17:27.577296+08:00
锂电池概念,2026-08-16T21:17:27.577296+08:00
PET铜箔,2026-08-16T21:17:27.577296+08:00
碳交易,2026-08-16T21:17:27.577296+08:00
京津冀一体化,2026-08-16T21:17:27.577296+08:00
乳业,2026-08-16T21:17:27.577296+08:00
玉米,2026-08-16T21:17:27.577296+08:00
一带一路,2026-08-16T21:17:27.577296+08:00
雄安新区,2026-08-16T21:17:27.577296+08:00
化债概念(AMC概念),2026-08-16T21:17:27.577296+08:00
无人零售,2026-08-16T21:17:27.577296+08:00
土壤修复,2026-08-16T21:17:27.577296+08:00
同花顺漂亮100,2026-08-16T21:17:27.577296+08:00
青蒿素,2026-08-16T21:17:27.577296+08:00
科创次新股,2026-08-16T21:17:27.577296+08:00
专精特新,2026-08-16T21:17:27.577296+08:00
华为盘古,2026-08-16T21:17:27.577296+08:00
可燃冰,2026-08-16T21:17:27.577296+08:00
短剧游戏,2026-08-16T21:17:27.577296+08:00
超超临界发电,2026-08-16T21:17:27.577296+08:00
海南自贸区,2026-08-16T21:17:27.577296+08:00
培育钻石,2026-08-16T21:17:27.577296+08:00
星闪概念,2026-08-16T21:17:27.577296+08:00
AI智能体,2026-08-16T21:17:27.577296+08:00
养鸡,2026-08-16T21:17:27.577296+08:00
黑龙江自贸区,2026-08-16T21:17:27.577296+08:00
光纤概念,2026-08-16T21:17:27.577296+08:00
无人机,2026-08-16T21:17:27.577296+08:00
固废处理,2026-08-16T21:17:27.577296+08:00
智能穿戴,2026-08-16T21:17:27.577296+08:00
白酒概念,2026-08-16T21:17:27.577296+08:00
航空发动机,2026-08-16T21:17:27.577296+08:00
硅能源,2026-08-16T21:17:27.577296+08:00
赛马概念,2026-08-16T21:17:27.577296+08:00
华为汽车,2026-08-16T21:17:27.577296+08:00
柔性屏(折叠屏),2026-08-16T21:17:27.577296+08:00
数字经济,2026-08-16T21:17:27.577296+08:00
消毒剂,2026-08-16T21:17:27.577296+08:00
华为手机,2026-08-16T21:17:27.577296+08:00
长三角一体化,2026-08-16T21:17:27.577296+08:00
算力租赁,2026-08-16T21:17:27.577296+08:00
民爆概念,2026-08-16T21:17:27.577296+08:00
家用电器,2026-08-16T21:17:27.577296+08:00
减速器,2026-08-16T21:17:27.577296+08:00
虚拟电厂,2026-08-16T21:17:27.577296+08:00
草甘膦,2026-08-16T21:17:27.577296+08:00
金属钴,2026-08-16T21:17:27.577296+08:00
ST板块,2026-08-16T21:17:27.577296+08:00
2026一季报预增,2026-08-16T21:17:27.577296+08:00
太赫兹,2026-08-16T21:17:27.577296+08:00
禽流感,2026-08-16T21:17:27.577296+08:00
生态农业,2026-08-16T21:17:27.577296+08:00
汽车拆解概念,2026-08-16T21:17:27.577296+08:00
煤炭概念,2026-08-16T21:17:27.577296+08:00
高股息精选,2026-08-16T21:17:27.577296+08:00
预制菜,2026-08-16T21:17:27.577296+08:00
小红书概念,2026-08-16T21:17:27.577296+08:00
MLCC概念,2026-08-16T21:17:27.577296+08:00
人脸识别,2026-08-16T21:17:27.577296+08:00
比亚迪概念,2026-08-16T21:17:27.577296+08:00
PPP概念,2026-08-16T21:17:27.577296+08:00
猪肉,2026-08-16T21:17:27.577296+08:00
金属铅,2026-08-16T21:17:27.577296+08:00
卫星导航,2026-08-16T21:17:27.577296+08:00
中船系,2026-08-16T21:17:27.577296+08:00
三胎概念,2026-08-16T21:17:27.577296+08:00
数据中心(AIDC),2026-08-16T21:17:27.577296+08:00
蚂蚁集团概念,2026-08-16T21:17:27.577296+08:00
移动支付,2026-08-16T21:17:27.577296+08:00
时空大数据,2026-08-16T21:17:27.577296+08:00
金属回收,2026-08-16T21:17:27.577296+08:00
毫米波雷达,2026-08-16T21:17:27.577296+08:00
PCB概念,2026-08-16T21:17:27.577296+08:00
创投,2026-08-16T21:17:27.577296+08:00
动力电池回收,2026-08-16T21:17:27.577296+08:00
高铁,2026-08-16T21:17:27.577296+08:00
乡村振兴,2026-08-16T21:17:27.577296+08:00
PM2.5,2026-08-16T21:17:27.577296+08:00
互联网金融,2026-08-16T21:17:27.577296+08:00
天津自贸区,2026-08-16T21:17:27.577296+08:00
工业互联网,2026-08-16T21:17:27.577296+08:00
空间计算,2026-08-16T21:17:27.577296+08:00
知识产权保护,2026-08-16T21:17:27.577296+08:00
同花顺出海50,2026-08-16T21:17:27.577296+08:00
金属镍,2026-08-16T21:17:27.577296+08:00
小米概念,2026-08-16T21:17:27.577296+08:00
煤化工概念,2026-08-16T21:17:27.577296+08:00
垃圾分类,2026-08-16T21:17:27.577296+08:00
3D打印,2026-08-16T21:17:27.577296+08:00
汽车电子,2026-08-16T21:17:27.577296+08:00
MiniLED,2026-08-16T21:17:27.577296+08:00
新型工业化,2026-08-16T21:17:27.577296+08:00
仿制药一致性评价,2026-08-16T21:17:27.577296+08:00
超级品牌,2026-08-16T21:17:27.577296+08:00
芯片概念,2026-08-16T21:17:27.577296+08:00
摘帽,2026-08-16T21:17:27.577296+08:00
智慧灯杆,2026-08-16T21:17:27.577296+08:00
露营经济,2026-08-16T21:17:27.577296+08:00
安防,2026-08-16T21:17:27.577296+08:00
冷链物流,2026-08-16T21:17:27.577296+08:00
量子科技,2026-08-16T21:17:27.577296+08:00
机器视觉,2026-08-16T21:17:27.577296+08:00
液冷服务器,2026-08-16T21:17:27.577296+08:00
阿里巴巴概念,2026-08-16T21:17:27.577296+08:00
代糖概念,2026-08-16T21:17:27.577296+08:00
金属锌,2026-08-16T21:17:27.577296+08:00
建筑节能,2026-08-16T21:17:27.577296+08:00
柔性直流输电,2026-08-16T21:17:27.577296+08:00
核电,2026-08-16T21:17:27.577296+08:00
水泥概念,2026-08-16T21:17:27.577296+08:00
6G概念,2026-08-16T21:17:27.577296+08:00
氟化工概念,2026-08-16T21:17:27.577296+08:00
上海自贸区,2026-08-16T21:17:27.577296+08:00
智能电网,2026-08-16T21:17:27.577296+08:00
财税数字化,2026-08-16T21:17:27.577296+08:00
维生素,2026-08-16T21:17:27.577296+08:00
储能,2026-08-16T21:17:27.577296+08:00
工业母机,2026-08-16T21:17:27.577296+08:00
电子纸,2026-08-16T21:17:27.577296+08:00
风电,2026-08-16T21:17:27.577296+08:00
国资云,2026-08-16T21:17:27.577296+08:00
军工,2026-08-16T21:17:27.577296+08:00
细胞免疫治疗,2026-08-16T21:17:27.577296+08:00
新型烟草(电子烟),2026-08-16T21:17:27.577296+08:00
智能座舱,2026-08-16T21:17:27.577296+08:00
独角兽概念,2026-08-16T21:17:27.577296+08:00
鸿蒙概念,2026-08-16T21:17:27.577296+08:00
5G,2026-08-16T21:17:27.577296+08:00
NFT概念,2026-08-16T21:17:27.577296+08:00
云游戏,2026-08-16T21:17:27.577296+08:00
供销社,2026-08-16T21:17:27.577296+08:00
两轮车,2026-08-16T21:17:27.577296+08:00
PEEK材料,2026-08-16T21:17:27.577296+08:00
先进封装,2026-08-16T21:17:27.577296+08:00
无线耳机,2026-08-16T21:17:27.577296+08:00
AI应用,2026-08-16T21:17:27.577296+08:00
有机硅概念,2026-08-16T21:17:27.577296+08:00
网络游戏,2026-08-16T21:17:27.577296+08:00
碳纤维,2026-08-16T21:17:27.577296+08:00
铜缆高速连接,2026-08-16T21:17:27.577296+08:00
创新药,2026-08-16T21:17:27.577296+08:00
参股银行,2026-08-16T21:17:27.577296+08:00
BC电池,2026-08-16T21:17:27.577296+08:00
消费电子概念,2026-08-16T21:17:27.577296+08:00
农村电商,2026-08-16T21:17:27.577296+08:00
POE胶膜,2026-08-16T21:17:27.577296+08:00
IP经济(谷子经济),2026-08-16T21:17:27.577296+08:00
高压快充,2026-08-16T21:17:27.577296+08:00
AI语料,2026-08-16T21:17:27.577296+08:00
充电桩,2026-08-16T21:17:27.577296+08:00
幽门螺杆菌概念,2026-08-16T21:17:27.577296+08:00
生物疫苗,2026-08-16T21:17:27.577296+08:00
化肥,2026-08-16T21:17:27.577296+08:00
网红经济,2026-08-16T21:17:27.577296+08:00
光热发电,2026-08-16T21:17:27.577296+08:00
智能物流,2026-08-16T21:17:27.577296+08:00
租售同权,2026-08-16T21:17:27.577296+08:00
ETC,2026-08-16T21:17:27.577296+08:00
互联网保险,2026-08-16T21:17:27.577296+08:00
职业教育,2026-08-16T21:17:27.577296+08:00
F5G概念,2026-08-16T21:17:27.577296+08:00
超导概念,2026-08-16T21:17:27.577296+08:00
免税店,2026-08-16T21:17:27.577296+08:00
中芯国际概念,2026-08-16T21:17:27.577296+08:00
电力物联网,2026-08-16T21:17:27.577296+08:00
拼多多概念,2026-08-16T21:17:27.577296+08:00
基因测序,2026-08-16T21:17:27.577296+08:00
智能音箱,2026-08-16T21:17:27.577296+08:00
黄金概念,2026-08-16T21:17:27.577296+08:00
玻璃基板,2026-08-16T21:17:27.577296+08:00
AI PC,2026-08-16T21:17:27.577296+08:00
元宇宙,2026-08-16T21:17:27.577296+08:00
动物疫苗,2026-08-16T21:17:27.577296+08:00
军民融合,2026-08-16T21:17:27.577296+08:00
可降解塑料,2026-08-16T21:17:27.577296+08:00
地下管网,2026-08-16T21:17:27.577296+08:00
英伟达概念,2026-08-16T21:17:27.577296+08:00
数字孪生,2026-08-16T21:17:27.577296+08:00
大豆,2026-08-16T21:17:27.577296+08:00
燃料电池,2026-08-16T21:17:27.577296+08:00
智慧城市,2026-08-16T21:17:27.577296+08:00
农业种植,2026-08-16T21:17:27.577296+08:00
稀土永磁,2026-08-16T21:17:27.577296+08:00
在线教育,2026-08-16T21:17:27.577296+08:00
自由贸易港,2026-08-16T21:17:27.577296+08:00
区块链,2026-08-16T21:17:27.577296+08:00
碳中和,2026-08-16T21:17:27.577296+08:00
横琴新区,2026-08-16T21:17:27.577296+08:00
新股与次新股,2026-08-16T21:17:27.577296+08:00
净水概念,2026-08-16T21:17:27.577296+08:00
云办公,2026-08-16T21:17:27.577296+08:00
生物质能发电,2026-08-16T21:17:27.577296+08:00
固态电池,2026-08-16T21:17:27.577296+08:00
航运概念,2026-08-16T21:17:27.577296+08:00
网络安全,2026-08-16T21:17:27.577296+08:00
一体化压铸,2026-08-16T21:17:27.577296+08:00
兵装重组概念,2026-08-16T21:17:27.577296+08:00
高端装备,2026-08-16T21:17:27.577296+08:00
跨境电商,2026-08-16T21:17:27.577296+08:00
托育服务,2026-08-16T21:17:27.577296+08:00
特高压,2026-08-16T21:17:27.577296+08:00
广东自贸区,2026-08-16T21:17:27.577296+08:00
特斯拉概念,2026-08-16T21:17:27.577296+08:00
人工智能,2026-08-16T21:17:27.577296+08:00
第三代半导体,2026-08-16T21:17:27.577296+08:00
光伏概念,2026-08-16T21:17:27.577296+08:00
环氧丙烷,2026-08-16T21:17:27.577296+08:00
文化传媒概念,2026-08-16T21:17:27.577296+08:00
ERP概念,2026-08-16T21:17:27.577296+08:00
民营医院,2026-08-16T21:17:27.577296+08:00
抖音概念(字节概念),2026-08-16T21:17:27.577296+08:00
虚拟数字人,2026-08-16T21:17:27.577296+08:00
丙烯酸,2026-08-16T21:17:27.577296+08:00
盐湖提锂,2026-08-16T21:17:27.577296+08:00
共同富裕示范区,2026-08-16T21:17:27.577296+08:00
合成生物,2026-08-16T21:17:27.577296+08:00
食品安全,2026-08-16T21:17:27.577296+08:00
数据安全,2026-08-16T21:17:27.577296+08:00
多模态AI,2026-08-16T21:17:27.577296+08:00
华为海思概念股,2026-08-16T21:17:27.577296+08:00
期货概念,2026-08-16T21:17:27.577296+08:00
华为概念,2026-08-16T21:17:27.577296+08:00
雅下水电概念,2026-08-16T21:17:27.577296+08:00
换电概念,2026-08-16T21:17:27.577296+08:00
西部大开发,2026-08-16T21:17:27.577296+08:00
福建自贸区,2026-08-16T21:17:27.577296+08:00
电子身份证,2026-08-16T21:17:27.577296+08:00
石墨电极,2026-08-16T21:17:27.577296+08:00
OLED,2026-08-16T21:17:27.577296+08:00
超级电容,2026-08-16T21:17:27.577296+08:00
共封装光学(CPO),2026-08-16T21:17:27.577296+08:00
钠离子电池,2026-08-16T21:17:27.577296+08:00
数字水印,2026-08-16T21:17:27.577296+08:00
云计算,2026-08-16T21:17:27.577296+08:00
