date,open,high,low,close,volume,amount,pct_chg,fetch_source
2023-02-08,1010.192,1055.608,1010.192,1048.39,1182385560,26916111000.0,,ths
2023-02-09,1048.127,1058.727,1046.26,1053.923,1432392600,24964553000.0,0.53,ths
2023-02-10,1048.158,1049.646,1035.731,1042.185,1276048320,24859356000.0,-1.11,ths
2023-02-13,1037.799,1053.946,1037.601,1052.956,1225635500,24952048000.0,1.03,ths
2023-02-14,1053.602,1063.33,1044.658,1061.347,1330632620,26401618000.0,0.8,ths
2023-02-15,1056.738,1062.768,1053.898,1057.846,1289582870,26159277000.0,-0.33,ths
2023-02-16,1058.326,1060.573,1015.892,1023.021,1498420200,31973486000.0,-3.29,ths
2023-02-17,1021.936,1025.459,1005.983,1006.039,1036298790,23331588000.0,-1.66,ths
2023-02-20,1003.889,1011.362,992.599,1011.362,970989270,24370986000.0,0.53,ths
2023-02-21,1011.458,1020.51,1005.784,1014.165,1010076980,23844217000.0,0.28,ths
2023-02-22,1005.977,1009.402,1000.722,1003.172,738705700,17227444000.0,-1.08,ths
2023-02-23,1003.488,1010.834,1000.694,1005.573,798094440,17973712000.0,0.24,ths
2023-02-24,1006.125,1006.135,990.951,995.804,661515520,15540176000.0,-0.97,ths
2023-02-27,993.429,1000.631,987.946,989.22,762158140,17071945000.0,-0.66,ths
2023-02-28,990.0,992.836,979.552,992.558,809818000,17601075000.0,0.34,ths
2023-03-01,990.825,997.712,986.024,997.712,814496440,17995390000.0,0.52,ths
2023-03-02,997.662,997.674,982.483,983.51,767198030,18515790000.0,-1.42,ths
2023-03-03,983.248,985.913,973.697,978.109,621527320,14520010000.0,-0.55,ths
2023-03-06,978.758,981.028,964.56,979.206,732364470,19521014000.0,0.11,ths
2023-03-07,978.813,979.054,962.216,962.455,708890170,15597521000.0,-1.71,ths
2023-03-08,960.18,966.477,958.19,965.015,586589290,13058747700.0,0.27,ths
2023-03-09,965.966,969.326,961.477,965.047,623038970,15243126000.0,0.0,ths
2023-03-10,958.844,960.032,946.133,949.764,669599830,16057728000.0,-1.58,ths
2023-03-13,946.182,950.999,934.327,939.635,681724860,16714531000.0,-1.07,ths
2023-03-14,939.123,939.123,912.616,930.078,835180870,20912321000.0,-1.02,ths
2023-03-15,933.13,944.038,931.781,932.348,580970020,14306997000.0,0.24,ths
2023-03-16,926.927,928.792,909.891,910.333,729856810,17359426000.0,-2.36,ths
2023-03-17,916.493,919.088,908.468,910.669,708787770,17789942000.0,0.04,ths
2023-03-20,909.461,920.884,900.417,915.908,776276920,18623909000.0,0.58,ths
2023-03-21,916.793,935.041,913.724,935.041,756126120,19598983000.0,2.09,ths
2023-03-22,936.911,946.591,932.265,936.193,734103580,19225637000.0,0.12,ths
2023-03-23,931.618,935.776,927.445,932.124,615856630,14429988000.0,-0.43,ths
2023-03-24,933.446,941.226,929.68,938.822,719485620,16561815000.0,0.72,ths
2023-03-27,936.437,937.386,930.086,937.386,752632630,17472540000.0,-0.15,ths
2023-03-28,936.37,936.37,922.011,922.308,626492180,14587081000.0,-1.61,ths
2023-03-29,922.34,930.781,920.849,922.474,648398080,17580080000.0,0.02,ths
2023-03-30,921.661,923.446,915.986,923.103,577759670,14623560000.0,0.07,ths
2023-03-31,923.838,937.731,923.227,928.655,607043720,16818691000.0,0.6,ths
2023-04-03,927.233,937.314,923.773,935.302,809727760,22205041000.0,0.72,ths
2023-04-04,934.31,934.31,910.426,913.188,846354420,21434090000.0,-2.36,ths
2023-04-06,910.848,913.042,903.608,912.294,684234850,16428865000.0,-0.1,ths
2023-04-07,911.232,920.128,909.975,915.288,549573510,13115085000.0,0.33,ths
2023-04-10,917.266,922.529,912.492,920.805,764241090,21020398000.0,0.6,ths
2023-04-11,919.351,919.351,910.818,916.101,688145890,19640427000.0,-0.51,ths
2023-04-12,917.027,920.231,910.158,913.891,689470640,16717615000.0,-0.24,ths
2023-04-13,913.02,916.221,905.814,905.814,659402910,14162722000.0,-0.88,ths
2023-04-14,907.382,924.084,907.237,919.778,980631180,27456405000.0,1.54,ths
2023-04-17,919.908,929.3,919.503,922.445,755913890,19693365000.0,0.29,ths
2023-04-18,921.978,930.063,919.165,921.095,747916700,22727975000.0,-0.15,ths
2023-04-19,920.886,920.886,909.523,910.484,660032880,17470510000.0,-1.15,ths
2023-04-20,908.079,908.088,886.461,890.216,755697690,19260254000.0,-2.23,ths
2023-04-21,891.923,897.951,868.544,868.575,734356100,17068998000.0,-2.43,ths
2023-04-24,866.037,866.146,851.881,854.928,667652660,16921246000.0,-1.57,ths
2023-04-25,851.296,851.296,810.691,819.855,886397170,21935304000.0,-4.1,ths
2023-04-26,815.244,852.652,814.785,846.116,810668070,20899147000.0,3.2,ths
2023-04-27,845.265,852.921,839.936,843.764,660984740,16437986000.0,-0.28,ths
2023-04-28,837.176,846.241,837.176,844.857,714363750,16057795000.0,0.13,ths
2023-05-04,843.183,853.796,840.528,842.834,676614470,14864007000.0,-0.24,ths
2023-05-05,842.072,842.574,823.969,828.762,643595450,12800030900.0,-1.67,ths
2023-05-08,830.134,837.236,827.149,833.086,564111860,11701847200.0,0.52,ths
2023-05-09,833.178,833.178,817.9,817.973,582841590,11639926900.0,-1.81,ths
2023-05-10,817.506,841.741,816.06,835.273,722781760,18365333000.0,2.11,ths
2023-05-11,835.457,852.896,832.722,847.257,677479830,17375574000.0,1.43,ths
2023-05-12,845.388,852.31,833.143,833.143,540116710,12263956600.0,-1.67,ths
2023-05-15,834.228,855.841,834.13,855.841,874294860,25211246000.0,2.72,ths
2023-05-16,857.664,860.896,851.514,854.16,645782510,17155247000.0,-0.2,ths
2023-05-17,854.514,860.21,849.419,860.21,605268100,14243603000.0,0.71,ths
2023-05-18,859.747,859.829,846.338,851.684,590716810,14149459000.0,-0.99,ths
2023-05-19,851.21,855.588,845.166,855.244,476024750,10465720800.0,0.42,ths
2023-05-22,852.749,859.874,849.158,858.939,537785400,10509639400.0,0.43,ths
2023-05-23,859.608,861.941,849.643,849.643,517321670,11565847800.0,-1.08,ths
2023-05-24,846.851,856.633,843.761,847.794,490859410,11423750900.0,-0.22,ths
2023-05-25,845.66,853.734,841.216,848.82,565524710,12362565900.0,0.12,ths
2023-05-26,849.108,849.159,830.894,840.528,589386610,13955425000.0,-0.98,ths
2023-05-29,840.343,841.672,825.663,827.019,610288350,13581174000.0,-1.61,ths
2023-05-30,826.202,830.953,817.253,828.06,609209480,12889599500.0,0.13,ths
2023-05-31,827.195,827.339,819.666,822.397,537521070,11471016100.0,-0.68,ths
2023-06-01,823.115,837.228,818.213,832.097,702262860,14390025000.0,1.18,ths
2023-06-02,834.078,857.695,834.078,856.957,899769280,19783335000.0,2.99,ths
2023-06-05,857.061,857.061,846.347,849.142,683492740,13987904000.0,-0.91,ths
2023-06-06,848.807,848.807,828.721,830.487,626530830,12214011700.0,-2.2,ths
2023-06-07,830.368,831.718,818.381,820.785,558497960,12003392500.0,-1.17,ths
2023-06-08,821.22,827.522,815.037,816.722,642862540,13301047700.0,-0.5,ths
2023-06-09,817.263,825.083,814.302,819.342,669823300,15187210000.0,0.32,ths
2023-06-12,817.74,831.173,813.964,828.318,607863770,12543873900.0,1.1,ths
2023-06-13,828.59,834.507,825.939,831.291,584792330,12016771800.0,0.36,ths
2023-06-14,832.307,833.192,823.147,824.064,624499860,13743921000.0,-0.87,ths
2023-06-15,824.993,846.52,821.605,846.107,925204540,24106163000.0,2.67,ths
2023-06-16,847.495,851.997,844.014,848.633,763015400,19162553000.0,0.3,ths
2023-06-19,848.235,851.415,842.403,843.093,716156740,16919126000.0,-0.65,ths
2023-06-20,843.477,845.985,837.972,839.874,610907950,15523540000.0,-0.38,ths
2023-06-21,839.446,847.036,827.727,827.727,618049800,15615267000.0,-1.45,ths
2023-06-26,822.142,836.301,817.416,823.695,698598100,17993828000.0,-0.49,ths
2023-06-27,826.564,837.572,822.786,836.893,573831370,13388210700.0,1.6,ths
2023-06-28,837.654,837.661,823.013,833.787,634023820,15357807000.0,-0.37,ths
2023-06-29,831.905,840.327,830.415,834.662,570069800,13094861000.0,0.1,ths
2023-06-30,835.523,862.266,834.269,857.42,843389640,19751204000.0,2.73,ths
2023-07-03,860.97,873.945,860.97,866.93,848424240,18713675000.0,1.11,ths
2023-07-04,872.352,874.96,868.526,872.091,851703490,18943152000.0,0.6,ths
2023-07-05,873.104,883.252,870.791,873.468,972654500,20878505000.0,0.16,ths
2023-07-06,871.224,875.424,867.22,870.948,892888810,19062993000.0,-0.29,ths
2023-07-07,868.502,869.875,861.77,862.077,718187930,15099650000.0,-1.02,ths
2023-07-10,863.961,877.391,863.91,870.29,757826880,18756809000.0,0.95,ths
2023-07-11,870.388,876.963,864.62,876.963,730274310,17369582000.0,0.77,ths
2023-07-12,878.099,880.471,868.704,869.48,851610000,21051031000.0,-0.85,ths
2023-07-13,870.823,878.332,870.172,872.439,730492370,16630321000.0,0.34,ths
2023-07-14,871.443,871.455,860.494,860.929,724303220,17122027000.0,-1.32,ths
2023-07-17,855.982,855.982,846.814,851.111,608707210,13747517000.0,-1.14,ths
2023-07-18,851.658,856.364,845.478,852.496,535599730,12968317700.0,0.16,ths
2023-07-19,850.104,853.574,842.181,847.618,550125140,11231592300.0,-0.57,ths
2023-07-20,849.259,858.718,846.233,846.763,736270910,15182313000.0,-0.1,ths
2023-07-21,845.125,850.248,839.392,840.143,618068520,13359952200.0,-0.78,ths
2023-07-24,837.949,837.956,828.694,829.668,530709440,12792825300.0,-1.25,ths
2023-07-25,838.536,847.503,838.013,847.41,772864680,16537674000.0,2.14,ths
2023-07-26,847.469,847.983,840.648,842.111,649486830,13066084200.0,-0.63,ths
2023-07-27,843.808,848.598,834.645,835.261,653671060,13280536500.0,-0.81,ths
2023-07-28,832.905,844.362,827.696,844.241,783678940,15058762000.0,1.08,ths
2023-07-31,846.671,860.18,846.569,855.558,929706070,19692184000.0,1.34,ths
2023-08-01,855.106,855.106,848.15,852.88,681013840,13514345000.0,-0.31,ths
2023-08-02,854.152,855.188,850.923,853.141,661822020,12350092500.0,0.03,ths
2023-08-03,850.666,853.554,848.904,853.158,587640460,11579161400.0,0.0,ths
2023-08-04,855.292,859.914,850.391,853.475,596640500,12578675300.0,0.04,ths
2023-08-07,851.61,854.418,845.147,847.124,529048960,10261237900.0,-0.74,ths
2023-08-08,846.63,847.249,837.298,840.401,515330630,10287058900.0,-0.79,ths
2023-08-09,838.765,840.018,834.48,835.172,411787500,8047892800.0,-0.62,ths
2023-08-10,835.083,842.424,834.93,839.115,378003400,8133453000.0,0.47,ths
2023-08-11,839.441,840.339,821.699,821.699,546621170,10731101400.0,-2.08,ths
2023-08-14,816.251,817.95,803.016,813.235,553120540,11508946900.0,-1.03,ths
2023-08-15,813.288,815.875,798.598,802.893,446281750,8766060900.0,-1.27,ths
2023-08-16,800.883,807.39,794.053,794.053,447689750,9181639900.0,-1.1,ths
2023-08-17,793.306,801.088,787.379,800.144,494207860,9674514900.0,0.77,ths
2023-08-18,800.461,804.376,788.697,788.697,488848560,9667871500.0,-1.43,ths
2023-08-21,788.281,791.961,776.947,776.947,441542140,9028197900.0,-1.49,ths
2023-08-22,780.055,784.002,757.565,771.25,583996430,11957126800.0,-0.73,ths
2023-08-23,769.761,769.761,751.437,751.462,485053690,10246244200.0,-2.57,ths
2023-08-24,753.616,759.723,744.68,751.866,444145310,9473233700.0,0.05,ths
2023-08-25,749.097,753.747,738.345,740.943,493750180,9110045500.0,-1.45,ths
2023-08-28,782.989,783.164,746.252,747.818,796300050,15492002000.0,0.93,ths
2023-08-29,747.523,775.795,746.443,775.19,778571820,15453194000.0,3.66,ths
2023-08-30,776.065,786.322,775.54,779.896,734834970,13631676000.0,0.61,ths
2023-08-31,777.903,777.903,768.025,771.713,615395190,11876129600.0,-1.05,ths
2023-09-01,772.145,774.842,768.094,771.922,494316440,9461051500.0,0.03,ths
2023-09-04,775.33,785.912,772.026,785.912,693782940,14741464000.0,1.81,ths
2023-09-05,784.758,788.184,781.159,784.905,634524560,13164836900.0,-0.13,ths
2023-09-06,783.337,791.925,779.624,790.955,652590770,13415449800.0,0.77,ths
2023-09-07,789.23,789.23,772.556,772.634,644476620,13175909900.0,-2.32,ths
2023-09-08,772.148,775.657,766.427,772.543,592144740,12071266900.0,-0.01,ths
2023-09-11,774.771,784.856,769.324,781.309,764542330,15510362000.0,1.13,ths
2023-09-12,782.854,787.458,776.547,782.288,800615700,15017038000.0,0.13,ths
2023-09-13,779.316,780.111,764.437,768.98,624138670,11302642100.0,-1.7,ths
2023-09-14,767.385,768.366,755.503,759.148,516901670,9712631600.0,-1.28,ths
2023-09-15,761.759,764.273,753.457,756.99,577655760,13400994500.0,-0.28,ths
2023-09-18,755.735,775.751,752.427,768.495,612215790,13341586600.0,1.52,ths
2023-09-19,767.944,767.944,758.02,760.339,559840520,13340387300.0,-1.06,ths
2023-09-20,757.939,761.323,751.651,751.651,503907020,10898263500.0,-1.14,ths
2023-09-21,749.818,754.498,745.637,746.932,507046840,11054098300.0,-0.63,ths
2023-09-22,745.5,759.643,744.449,759.629,548710430,12310253300.0,1.7,ths
2023-09-25,758.791,759.768,751.424,756.513,575427160,12480686200.0,-0.41,ths
2023-09-26,755.023,755.315,747.365,747.365,536053760,12485282200.0,-1.21,ths
2023-09-27,746.388,763.583,744.25,754.835,596113630,13419117300.0,1.0,ths
2023-09-28,758.139,765.695,758.139,764.29,749502730,15660080000.0,1.25,ths
2023-10-09,764.986,766.637,758.898,762.822,813479720,13387406400.0,-0.19,ths
2023-10-10,764.218,771.304,761.812,762.211,733031140,14486372000.0,-0.08,ths
2023-10-11,764.695,769.957,761.426,763.161,852189850,23718046000.0,0.12,ths
2023-10-12,766.354,783.272,764.689,782.945,1079610530,28758158000.0,2.59,ths
2023-10-13,778.774,779.931,773.066,776.811,886359430,22336213000.0,-0.78,ths
2023-10-16,778.24,778.24,760.361,763.534,911924110,23131185000.0,-1.71,ths
2023-10-17,765.151,774.438,761.769,767.937,1115091920,24195757000.0,0.58,ths
2023-10-18,764.222,764.319,754.334,754.5,1105604220,23159581000.0,-1.75,ths
2023-10-19,750.688,760.329,746.308,746.308,1232099700,26472728000.0,-1.09,ths
2023-10-20,741.79,764.748,741.53,755.756,1314241610,28993068000.0,1.27,ths
2023-10-23,753.911,753.911,729.049,732.43,1201595530,25857166000.0,-3.09,ths
2023-10-24,733.537,746.441,731.438,745.714,1179329350,24607136000.0,1.81,ths
2023-10-25,749.981,759.551,748.886,749.965,1092066580,23034625000.0,0.57,ths
2023-10-26,745.638,752.578,733.332,751.992,1206488350,23840271000.0,0.27,ths
2023-10-27,748.205,776.098,745.55,773.057,1444939700,29554062000.0,2.8,ths
2023-10-30,769.04,785.204,769.04,782.954,1206408000,27143080000.0,1.28,ths
2023-10-31,779.732,783.257,770.344,775.792,1168061940,23483344000.0,-0.91,ths
2023-11-01,776.035,779.223,770.164,775.162,1107073250,20316780000.0,-0.08,ths
2023-11-02,775.284,777.71,765.201,765.256,998996280,21729467000.0,-1.28,ths
2023-11-03,765.554,776.771,765.554,774.819,858546460,19139572000.0,1.25,ths
2023-11-06,778.632,800.825,778.632,799.954,1326751770,31006491000.0,3.24,ths
2023-11-07,798.473,803.459,793.87,801.539,1229148180,27906056000.0,0.2,ths
2023-11-08,800.318,802.967,794.859,800.488,1443102800,25594842000.0,-0.13,ths
2023-11-09,799.009,803.634,794.913,796.258,1210544240,24559330000.0,-0.53,ths
2023-11-10,793.395,794.888,787.875,792.099,1022616100,24236262000.0,-0.52,ths
2023-11-13,793.212,796.241,790.799,795.608,879171070,16993392000.0,0.44,ths
2023-11-14,795.385,799.581,792.72,796.006,830288280,17079273000.0,0.05,ths
2023-11-15,803.11,810.01,801.165,807.254,1190913540,28687370000.0,1.41,ths
2023-11-16,805.411,805.411,795.562,795.562,1196398430,20829102000.0,-1.45,ths
2023-11-17,792.809,803.016,791.619,801.309,961074030,16730498000.0,0.72,ths
2023-11-20,803.278,806.801,795.466,806.19,970691030,17085563000.0,0.61,ths
2023-11-21,807.551,812.261,802.042,803.038,1059775840,18215357000.0,-0.39,ths
2023-11-22,801.345,803.174,789.203,789.203,957418620,17989616000.0,-1.72,ths
2023-11-23,788.684,797.597,788.06,796.939,1017322250,17072600000.0,0.98,ths
2023-11-24,795.123,795.123,781.644,782.453,872092220,15223519000.0,-1.82,ths
2023-11-27,780.475,783.868,774.592,781.09,1187889420,23802623000.0,-0.17,ths
2023-11-28,779.62,790.013,777.026,789.941,1360946200,22005498000.0,1.13,ths
2023-11-29,788.166,789.905,779.176,780.777,1073737890,17157591000.0,-1.16,ths
2023-11-30,780.398,781.234,767.38,773.393,902532050,15485381000.0,-0.95,ths
2023-12-01,773.233,774.231,765.73,770.954,805319110,15409208000.0,-0.32,ths
2023-12-04,770.477,771.896,766.13,768.856,844587030,14799318000.0,-0.27,ths
2023-12-05,765.948,771.986,758.798,758.798,887377550,16265575000.0,-1.31,ths
2023-12-06,756.167,782.817,756.082,773.32,1204650280,27433912000.0,1.91,ths
2023-12-07,771.589,772.016,762.843,767.157,1120982690,23670285000.0,-0.8,ths
2023-12-08,768.916,771.209,758.784,759.905,960420330,18367119000.0,-0.95,ths
2023-12-11,756.82,761.45,747.498,760.61,899465480,17867645000.0,0.09,ths
2023-12-12,759.132,760.874,755.984,759.291,626533160,13233519800.0,-0.17,ths
2023-12-13,758.206,758.206,748.156,748.418,701551620,13008500700.0,-1.43,ths
2023-12-14,752.848,758.665,744.461,745.032,750999170,14560543000.0,-0.45,ths
2023-12-15,746.381,754.958,744.474,746.552,796509330,18334488000.0,0.2,ths
2023-12-18,744.515,747.854,732.827,734.035,713431630,16563226000.0,-1.68,ths
2023-12-19,733.359,739.469,730.636,735.905,590078620,12652808000.0,0.25,ths
2023-12-20,736.671,739.194,727.413,727.447,632354860,14671481000.0,-1.15,ths
2023-12-21,724.728,740.795,720.514,737.139,764076360,15518281000.0,1.33,ths
2023-12-22,736.168,746.848,727.739,737.98,825469800,19218350000.0,0.11,ths
2023-12-25,736.708,743.524,735.847,740.661,654773510,14385806000.0,0.36,ths
2023-12-26,741.257,741.257,732.789,734.616,627319180,12059924300.0,-0.82,ths
2023-12-27,734.984,736.374,725.847,733.528,808732930,15437738000.0,-0.15,ths
2023-12-28,730.766,769.317,730.766,766.577,1636941500,34280652000.0,4.51,ths
2023-12-29,765.347,774.12,765.347,774.018,1369821900,26298473000.0,0.97,ths
2024-01-02,774.637,774.637,766.643,766.643,1097124470,21057053000.0,-0.95,ths
2024-01-03,764.653,769.08,758.556,763.979,982168940,17056921000.0,-0.35,ths
2024-01-04,762.776,763.047,749.379,752.229,877890060,16226310000.0,-1.54,ths
2024-01-05,765.549,774.47,749.166,752.401,1354146900,24277234000.0,0.02,ths
2024-01-08,745.849,756.144,738.937,738.937,1334118430,22850416000.0,-1.79,ths
2024-01-09,737.568,750.173,730.789,737.061,1297400990,23032397000.0,-0.25,ths
2024-01-10,734.089,749.578,726.414,737.242,1238681530,24452662000.0,0.02,ths
2024-01-11,735.276,762.859,733.215,759.302,1430087200,30043019000.0,2.99,ths
2024-01-12,756.147,769.833,753.369,753.369,1240923380,24205714000.0,-0.78,ths
2024-01-15,750.128,754.548,743.809,747.708,1049228560,19215241000.0,-0.75,ths
2024-01-16,746.109,754.527,737.568,748.743,1377758100,24367070000.0,0.14,ths
2024-01-17,745.443,745.443,723.431,723.431,1095181550,18959814000.0,-3.38,ths
2024-01-18,716.914,722.676,700.92,722.676,1462126100,24706625000.0,-0.1,ths
2024-01-19,719.852,729.685,709.296,709.296,1031737120,19507483000.0,-1.85,ths
2024-01-22,704.582,704.889,668.021,672.398,1388780900,23201129000.0,-5.2,ths
2024-01-23,671.05,681.373,660.668,676.813,1194260370,19379155000.0,0.66,ths
2024-01-24,679.806,682.963,655.809,679.116,1255581570,20405498000.0,0.34,ths
2024-01-25,677.375,697.461,671.212,697.298,1422083500,23899013000.0,2.68,ths
2024-01-26,693.376,699.26,684.56,686.041,1106921670,18328675000.0,-1.61,ths
2024-01-29,686.805,688.586,659.31,659.31,1133518640,19142110000.0,-3.9,ths
2024-01-30,654.793,659.469,637.635,638.045,944851510,15027131000.0,-3.23,ths
2024-01-31,631.913,643.356,606.775,607.198,1299344200,20289681000.0,-4.83,ths
2024-02-01,602.967,614.072,591.677,598.398,1080921850,16732290000.0,-1.45,ths
2024-02-02,600.056,606.074,552.474,571.441,1364903700,20082959000.0,-4.5,ths
2024-02-05,566.534,566.534,515.652,531.052,1635189400,22071246000.0,-7.07,ths
2024-02-06,520.354,566.625,512.704,559.11,1711301400,23259649000.0,5.28,ths
2024-02-07,560.61,580.822,554.919,568.405,1992547000,28674069000.0,1.66,ths
2024-02-08,570.701,601.335,569.809,601.265,1826152600,27639692000.0,5.78,ths
2024-02-19,606.834,614.865,600.236,609.111,1478671300,22486828000.0,1.3,ths
2024-02-20,606.752,612.999,598.939,611.959,1175140890,18020497000.0,0.47,ths
2024-02-21,607.426,637.915,603.845,620.76,1582931300,24856829000.0,1.44,ths
2024-02-22,617.74,628.715,617.421,627.885,1109253880,17159867000.0,1.15,ths
2024-02-23,631.146,646.122,627.358,645.938,1557582900,26205336000.0,2.88,ths
2024-02-26,647.52,662.01,644.079,651.63,1864763900,29128669000.0,0.88,ths
2024-02-27,648.516,666.443,645.621,666.443,1665394700,28950340000.0,2.27,ths
2024-02-28,670.085,688.459,637.066,637.066,2371869500,41547020000.0,-4.41,ths
2024-02-29,629.816,662.99,629.816,662.738,1947818900,36625140000.0,4.03,ths
2024-03-01,666.283,671.402,660.276,669.143,1736597500,31030743000.0,0.97,ths
2024-03-04,670.16,675.071,655.46,664.059,1566604400,27693824000.0,-0.76,ths
2024-03-05,659.068,659.068,648.007,652.32,1685689900,29148638000.0,-1.77,ths
2024-03-06,650.324,667.924,648.952,660.42,1521713900,28287779000.0,1.24,ths
2024-03-07,660.907,664.7,649.388,649.388,1512566500,26875369000.0,-1.67,ths
2024-03-08,649.45,655.94,644.327,653.593,1133103230,20300903000.0,0.65,ths
2024-03-11,658.747,697.163,658.747,696.461,2418115400,44177340000.0,6.56,ths
2024-03-12,700.704,700.704,688.694,695.168,2605655000,44851238000.0,-0.19,ths
2024-03-13,694.892,701.33,692.601,697.386,2121746700,35762249000.0,0.32,ths
2024-03-14,695.415,701.315,680.091,687.814,2199752200,33145799000.0,-1.37,ths
2024-03-15,686.02,695.584,682.227,695.584,2197980000,34107513000.0,1.13,ths
2024-03-18,700.887,711.444,699.724,711.444,2681380800,42207014000.0,2.28,ths
2024-03-19,709.992,718.141,708.638,710.233,2260024600,33687693000.0,-0.17,ths
2024-03-20,709.491,715.26,707.922,713.995,1969517000,29057588000.0,0.53,ths
2024-03-21,713.552,714.864,701.261,707.808,1974662000,30310881000.0,-0.87,ths
2024-03-22,705.687,706.994,687.494,689.507,1711967500,29309331000.0,-2.59,ths
2024-03-25,686.224,695.231,676.03,676.03,1793357900,27348666000.0,-1.95,ths
2024-03-26,676.3,703.664,676.3,703.647,2107589900,36056652000.0,4.09,ths
2024-03-27,708.555,710.799,680.304,680.343,2291558900,39041505000.0,-3.31,ths
2024-03-28,674.389,698.955,674.389,693.152,2113159200,35826558000.0,1.88,ths
2024-03-29,691.18,705.92,691.18,699.911,2117241600,35365253000.0,0.98,ths
2024-04-01,703.115,729.71,703.115,729.71,2776004500,48555793000.0,4.26,ths
2024-04-02,731.789,762.498,729.777,758.255,3143734100,53058897000.0,3.91,ths
2024-04-03,758.654,778.679,751.677,754.621,3486915000,59203051000.0,-0.48,ths
2024-04-08,748.12,765.812,730.485,730.485,3111512500,53724590000.0,-3.2,ths
2024-04-09,725.698,781.646,725.698,781.646,3372139500,59776011000.0,7.0,ths
2024-04-10,782.309,782.309,763.003,769.05,3441283300,56719342000.0,-1.61,ths
2024-04-11,759.581,777.854,751.905,763.156,3213919900,55863569000.0,-0.77,ths
2024-04-12,756.31,758.199,731.103,732.3,3162982900,54037805000.0,-4.04,ths
2024-04-15,725.227,737.221,695.037,704.01,3034102800,50915620000.0,-3.86,ths
2024-04-16,694.684,695.087,656.754,656.97,3125538200,49996117000.0,-6.68,ths
2024-04-17,665.867,697.802,665.867,697.802,2716077200,45813825000.0,6.22,ths
2024-04-18,695.808,709.18,682.948,698.937,3135449000,53845848000.0,0.16,ths
2024-04-19,691.588,696.804,679.47,686.713,2792104200,46590149000.0,-1.75,ths
2024-04-22,679.712,685.538,668.983,672.076,2151023400,35382934000.0,-2.13,ths
2024-04-23,671.255,682.065,670.651,673.209,1899049600,31800526000.0,0.17,ths
2024-04-24,672.421,680.503,666.784,680.503,2016914800,35218379000.0,1.08,ths
2024-04-25,674.998,697.093,672.724,689.205,2545519100,43815164000.0,1.28,ths
2024-04-26,682.804,699.416,681.435,697.199,2937489600,49500552000.0,1.16,ths
2024-04-29,697.879,727.549,697.879,725.613,3428616300,63599522000.0,4.08,ths
2024-04-30,725.132,726.743,709.491,711.898,3250964400,55132525000.0,-1.89,ths
2024-05-06,724.132,735.803,724.132,735.799,3053036100,53846022000.0,3.36,ths
2024-05-07,735.151,736.434,730.441,736.431,2771094600,44565201000.0,0.09,ths
2024-05-08,732.591,732.591,718.92,719.445,2302570200,37337729000.0,-2.31,ths
2024-05-09,728.626,752.235,728.626,745.618,3060641700,54706935000.0,3.64,ths
2024-05-10,742.751,743.431,725.455,728.721,2489734800,42318424000.0,-2.27,ths
2024-05-13,719.955,719.955,707.079,709.114,2192640000,36841295000.0,-2.69,ths
2024-05-14,710.743,716.785,706.59,709.13,1793412400,28603238000.0,0.0,ths
2024-05-15,707.369,709.75,701.365,702.073,1681400100,27326941000.0,-1.0,ths
2024-05-16,702.531,708.279,699.452,701.237,1653867600,27013646000.0,-0.12,ths
2024-05-17,700.961,713.084,697.065,713.077,2095526600,35573552000.0,1.69,ths
2024-05-20,713.377,718.622,709.686,712.632,2417028200,38789537000.0,-0.06,ths
2024-05-21,710.972,713.55,702.127,704.444,2198556700,34103155000.0,-1.15,ths
2024-05-22,703.976,715.636,703.976,714.677,2257125400,40238086000.0,1.45,ths
2024-05-23,710.633,710.633,695.148,696.348,2236381800,35982603000.0,-2.56,ths
2024-05-24,694.051,697.545,684.961,684.961,1766224100,28861024000.0,-1.64,ths
2024-05-27,687.156,692.238,679.436,692.238,2036807600,30206779000.0,1.06,ths
2024-05-28,689.919,691.536,681.869,682.283,1987773400,28527240000.0,-1.44,ths
2024-05-29,680.541,694.46,680.541,692.737,2044923400,33661352000.0,1.53,ths
2024-05-30,692.689,696.866,688.985,690.073,2137799400,32030935000.0,-0.38,ths
2024-05-31,688.621,694.537,688.579,688.612,1861223400,31198575000.0,-0.21,ths
2024-06-03,687.283,687.283,668.783,673.954,2084617000,34952574000.0,-2.13,ths
2024-06-04,669.676,672.004,660.905,671.124,1881409000,31641699000.0,-0.42,ths
2024-06-05,668.405,671.407,659.336,659.336,1757322700,27163444000.0,-1.76,ths
2024-06-06,659.109,663.099,633.325,635.369,1952747600,29976472000.0,-3.64,ths
2024-06-07,639.93,646.513,631.354,639.559,1645369400,31626152000.0,0.66,ths
2024-06-11,636.828,645.529,627.655,645.064,1439780800,26666821000.0,0.86,ths
2024-06-12,644.655,651.123,643.589,649.91,1326879950,21811652000.0,0.75,ths
2024-06-13,649.939,655.751,646.997,651.212,1682742000,26804768000.0,0.2,ths
2024-06-14,649.531,653.901,643.63,652.762,1999964200,34349354000.0,0.24,ths
2024-06-17,649.949,664.862,648.054,660.119,2292016300,42541808000.0,1.13,ths
2024-06-18,660.685,665.992,658.626,665.09,1968888900,35624875000.0,0.75,ths
2024-06-19,666.089,666.482,656.964,658.546,1706730800,27621404000.0,-0.98,ths
2024-06-20,657.425,659.347,642.891,643.16,1663679600,27508899000.0,-2.34,ths
2024-06-21,641.699,644.359,636.042,637.348,1431733400,24831467000.0,-0.9,ths
2024-06-24,632.584,632.584,612.45,613.132,1863881900,30638215000.0,-3.8,ths
2024-06-25,613.893,619.178,606.072,610.101,1772069000,31623082000.0,-0.49,ths
2024-06-26,608.31,631.43,602.64,631.43,1741177000,28916356000.0,3.5,ths
2024-06-27,627.807,630.935,617.089,617.089,1431826000,22034571000.0,-2.27,ths
2024-06-28,616.242,630.115,615.764,619.427,1830349200,31136971000.0,0.38,ths
2024-07-01,618.716,623.0,609.54,621.407,1896150100,30378290000.0,0.32,ths
2024-07-02,621.144,624.804,616.225,618.531,1785861000,25729490000.0,-0.46,ths
2024-07-03,618.096,624.15,612.613,617.379,1615257800,24937714000.0,-0.19,ths
2024-07-04,616.666,618.692,600.564,601.15,1555744900,22012685000.0,-2.63,ths
2024-07-05,599.454,605.131,592.78,602.408,1589673700,22734734000.0,0.21,ths
2024-07-08,600.456,600.456,585.097,586.619,1726653600,23789394000.0,-2.62,ths
2024-07-09,585.191,599.331,577.509,597.355,1962281300,29483798000.0,1.83,ths
2024-07-10,595.013,606.979,593.671,595.625,2006042300,34282832000.0,-0.29,ths
2024-07-11,606.448,620.659,606.448,619.719,2669775900,42204640000.0,4.05,ths
2024-07-12,620.597,621.704,615.759,617.745,2244361500,36563068000.0,-0.32,ths
2024-07-15,616.019,616.019,603.791,604.893,1829451800,30392750000.0,-2.08,ths
2024-07-16,605.025,612.137,603.396,610.997,2168860300,35344194000.0,1.01,ths
2024-07-17,611.35,612.527,605.553,605.892,1947312400,33377056000.0,-0.84,ths
2024-07-18,602.063,606.197,592.018,603.905,1847924900,32830577000.0,-0.33,ths
2024-07-19,601.592,611.066,599.424,605.229,1981519300,31612107000.0,0.22,ths
2024-07-22,604.838,608.585,600.24,604.069,1931045900,31694114000.0,-0.19,ths
2024-07-23,605.275,606.921,587.962,587.962,1857233600,26705741000.0,-2.67,ths
2024-07-24,586.577,590.09,577.016,577.317,1780010800,25175618000.0,-1.81,ths
2024-07-25,574.885,591.604,573.152,585.429,1724919600,26768541000.0,1.41,ths
2024-07-26,586.465,598.48,586.31,594.189,1943852800,29347007000.0,1.5,ths
2024-07-29,594.24,594.476,585.109,588.901,1616570900,26734236000.0,-0.89,ths
2024-07-30,587.349,591.843,583.308,589.15,1367410100,20194110000.0,0.04,ths
2024-07-31,589.462,612.649,586.93,612.637,2364823300,35942712000.0,3.99,ths
2024-08-01,613.305,616.368,607.265,610.364,1851073600,28817356000.0,-0.37,ths
2024-08-02,606.654,612.723,601.259,601.94,1734472800,25214933000.0,-1.38,ths
2024-08-05,597.683,607.514,583.221,583.221,1885699700,28040251000.0,-3.11,ths
2024-08-06,589.694,594.81,586.907,593.832,1620586100,23347388000.0,1.82,ths
2024-08-07,593.653,596.415,589.711,593.237,1486197800,21768495000.0,-0.1,ths
2024-08-08,590.92,594.255,581.794,588.816,1588203000,21595406000.0,-0.75,ths
2024-08-09,591.729,595.252,583.36,583.36,1587146600,20550110000.0,-0.93,ths
2024-08-12,583.798,584.265,575.348,577.377,1308725310,19358985000.0,-1.03,ths
2024-08-13,576.799,583.823,572.592,583.469,1344463900,20130480000.0,1.06,ths
2024-08-14,582.726,585.047,576.453,576.453,1202038120,16839479000.0,-1.2,ths
2024-08-15,574.871,584.587,571.508,580.441,1406449800,20565031000.0,0.69,ths
2024-08-16,581.04,582.02,574.611,574.611,1306656300,21565684000.0,-1.0,ths
2024-08-19,573.929,579.161,570.026,570.345,1324972480,21457641000.0,-0.74,ths
2024-08-20,570.604,574.093,559.987,561.286,1775958800,25260574000.0,-1.59,ths
2024-08-21,559.321,575.763,557.964,571.672,1626989000,24659370000.0,1.85,ths
2024-08-22,572.697,577.475,569.145,569.815,1898842300,30831112000.0,-0.32,ths
2024-08-23,565.785,565.938,556.269,558.799,1652915900,26480172000.0,-1.93,ths
2024-08-26,559.627,584.698,559.627,579.235,1870695900,30304067000.0,3.66,ths
2024-08-27,576.186,576.37,564.435,565.62,2112887300,27596590000.0,-2.35,ths
2024-08-28,563.857,570.293,561.179,566.888,1840863900,23953950000.0,0.22,ths
2024-08-29,565.563,585.808,565.563,583.664,2405459100,32393997000.0,2.96,ths
2024-08-30,582.977,602.386,582.037,594.46,3260696800,45543835000.0,1.85,ths
2024-09-02,595.149,599.078,587.623,587.799,2688901800,35219109000.0,-1.12,ths
2024-09-03,587.755,603.39,587.755,600.737,2707515900,37211979000.0,2.2,ths
2024-09-04,597.264,617.011,596.631,609.778,3504034400,46090365000.0,1.5,ths
2024-09-05,607.976,614.644,604.575,609.088,2990629400,39230171000.0,-0.11,ths
2024-09-06,606.598,606.792,594.256,594.516,2746236300,34423433000.0,-2.39,ths
2024-09-09,589.72,594.602,585.411,587.819,2300780100,29797796000.0,-1.13,ths
2024-09-10,587.741,589.001,576.566,586.168,2178275900,26898577000.0,-0.28,ths
2024-09-11,584.62,600.054,584.387,596.312,2675451400,38398575000.0,1.73,ths
2024-09-12,593.734,600.643,589.646,589.673,2522381700,35290164000.0,-1.11,ths
2024-09-13,589.785,590.804,572.818,572.818,2217629800,29503359000.0,-2.86,ths
2024-09-18,571.419,572.612,559.029,565.343,1742486000,22144221000.0,-1.3,ths
2024-09-19,568.732,581.436,563.892,575.66,2124108600,27792895000.0,1.82,ths
2024-09-20,575.812,575.888,566.075,569.56,1862334300,24767136000.0,-1.06,ths
2024-09-23,569.584,575.63,566.193,571.134,1748561200,24928458000.0,0.28,ths
2024-09-24,573.49,595.082,571.381,595.082,3369391100,49709128000.0,4.19,ths
2024-09-25,600.123,614.325,599.7,601.177,3682177300,56872586000.0,1.02,ths
2024-09-26,600.456,618.633,597.999,618.633,3142414900,47812578000.0,2.9,ths
2024-09-27,627.963,665.648,627.963,660.316,4313559500,75916383000.0,6.74,ths
2024-09-30,691.683,749.0,680.768,746.92,7231653900,131276506000.0,13.12,ths
2024-10-08,857.105,857.105,774.419,833.932,8913998100,191058810000.0,11.65,ths
2024-10-09,804.252,807.843,745.453,745.453,6571022500,140112160000.0,-10.61,ths
2024-10-10,751.273,768.28,732.295,740.242,4465449200,88421224000.0,-0.7,ths
2024-10-11,736.371,736.371,694.02,702.824,3676934300,71201696000.0,-5.05,ths
2024-10-14,706.194,722.682,693.634,721.873,3302151100,63267819000.0,2.71,ths
2024-10-15,718.357,729.47,707.635,707.635,3174674500,59286368000.0,-1.97,ths
2024-10-16,696.848,711.802,696.041,703.3,2668004500,48432431000.0,-0.61,ths
2024-10-17,708.143,715.914,699.353,699.407,2882208500,48682269000.0,-0.55,ths
2024-10-18,697.967,745.391,697.933,729.945,4521933900,86099567000.0,4.37,ths
2024-10-21,738.191,760.86,737.347,750.284,4488768000,86787518000.0,2.79,ths
2024-10-22,749.2,762.285,741.411,757.295,4172111400,72986824000.0,0.93,ths
2024-10-23,755.643,775.999,751.387,771.276,4816938900,91217160000.0,1.85,ths
2024-10-24,767.015,767.015,753.925,756.741,3236666600,62628996000.0,-1.88,ths
2024-10-25,765.827,806.455,765.827,794.787,4879272300,100950706000.0,5.03,ths
2024-10-28,797.691,802.26,788.142,802.26,4488318400,81609100000.0,0.94,ths
2024-10-29,804.755,810.64,786.071,786.753,4635800400,83793386000.0,-1.93,ths
2024-10-30,781.498,791.908,773.295,781.769,4040979500,69075902000.0,-0.63,ths
2024-10-31,781.983,798.674,777.124,794.774,4679404300,83297176000.0,1.66,ths
2024-11-01,791.794,799.307,768.106,771.063,5229270400,86415988000.0,-2.98,ths
2024-11-04,771.53,789.087,768.355,789.087,4270693900,70167038000.0,2.34,ths
2024-11-05,790.434,820.566,789.739,819.831,5705425300,109174691000.0,3.9,ths
2024-11-06,827.781,858.775,827.781,837.893,6704415800,136517620000.0,2.2,ths
2024-11-07,845.528,859.683,842.021,859.683,5694505700,107465975000.0,2.6,ths
2024-11-08,874.493,900.72,873.378,875.828,6225104000,120983334000.0,1.88,ths
2024-11-11,870.897,920.814,870.39,920.814,7470633400,144913630000.0,5.14,ths
2024-11-12,930.32,940.025,901.201,910.683,8071097700,174380620000.0,-1.1,ths
2024-11-13,908.368,931.619,897.789,931.619,6166010300,133145614000.0,2.3,ths
2024-11-14,939.639,946.983,902.88,903.223,6035041700,126114362000.0,-3.05,ths
2024-11-15,893.402,919.19,891.778,891.778,5906259800,113373896000.0,-1.27,ths
2024-11-18,903.263,911.397,868.541,873.259,6824070800,119684104000.0,-2.08,ths
2024-11-19,863.711,899.684,852.342,899.684,6442068100,113523216000.0,3.03,ths
2024-11-20,895.44,934.71,895.44,930.384,6469660900,114769254000.0,3.41,ths
2024-11-21,926.87,942.567,921.89,930.497,6611990700,110693720000.0,0.01,ths
2024-11-22,926.128,940.051,898.798,898.798,7065371400,116707330000.0,-3.41,ths
2024-11-25,903.815,936.207,903.815,932.981,6871582000,117322714000.0,3.8,ths
2024-11-26,927.541,927.541,895.504,895.682,5737656900,92974321000.0,-4.0,ths
2024-11-27,885.871,906.752,869.119,906.752,5679975900,90769325000.0,1.24,ths
2024-11-28,908.445,916.692,897.99,898.952,5503813700,87235450000.0,-0.86,ths
2024-11-29,893.532,916.394,883.176,908.398,5783982400,95619935000.0,1.05,ths
2024-12-02,904.792,928.215,899.865,925.978,5814514200,94641622000.0,1.94,ths
2024-12-03,928.994,930.554,914.819,924.543,5755033200,94325104000.0,-0.15,ths
2024-12-04,921.369,921.535,896.89,901.061,4833302500,78711934000.0,-2.54,ths
2024-12-05,898.962,916.412,898.962,914.911,4187966600,67762320000.0,1.54,ths
2024-12-06,914.897,926.267,902.759,921.787,4418559400,77108623000.0,0.75,ths
2024-12-09,918.662,927.809,910.498,917.92,4298237200,75387018000.0,-0.42,ths
2024-12-10,945.692,948.517,917.532,918.701,5259421100,100323812000.0,0.09,ths
2024-12-11,916.282,922.02,912.804,919.711,3823170300,67073061000.0,0.11,ths
2024-12-12,919.122,926.52,909.325,925.159,4242034700,72170200000.0,0.59,ths
2024-12-13,918.873,918.873,903.629,904.017,4894180000,88283979000.0,-2.29,ths
2024-12-16,903.331,903.962,882.744,887.002,3981872700,63603080000.0,-1.88,ths
2024-12-17,885.176,888.534,864.985,866.734,3487721200,57322064000.0,-2.29,ths
2024-12-18,869.031,875.605,860.468,866.757,2837471100,45309496000.0,0.0,ths
2024-12-19,857.073,868.16,851.717,865.68,2782297300,44868475000.0,-0.12,ths
2024-12-20,865.393,880.206,865.309,872.856,2942369500,50597913000.0,0.83,ths
2024-12-23,872.029,874.064,843.158,844.144,3208585700,50276153000.0,-3.29,ths
2024-12-24,846.455,857.016,842.231,853.795,2691653900,43839501000.0,1.14,ths
2024-12-25,853.739,854.3,829.046,834.858,2830389600,42471653000.0,-2.22,ths
2024-12-26,836.245,850.563,836.126,844.728,2743354300,48826107000.0,1.18,ths
2024-12-27,846.71,859.773,844.391,848.652,3062635100,52319820000.0,0.46,ths
2024-12-30,846.447,847.157,835.7,842.387,2846134300,47992675000.0,-0.74,ths
2024-12-31,842.459,844.595,818.818,819.472,3055793300,51229284000.0,-2.72,ths
2025-01-02,819.828,826.492,793.844,800.968,3273173400,53160829000.0,-2.26,ths
2025-01-03,802.108,805.153,774.284,775.33,3299073100,49284353000.0,-3.2,ths
2025-01-06,773.988,784.356,760.329,773.239,2742215400,42341431000.0,-0.27,ths
2025-01-07,773.991,789.13,771.041,789.13,2617659100,46389533000.0,2.06,ths
2025-01-08,785.845,789.514,760.346,783.7,3009186200,47720430000.0,-0.69,ths
2025-01-09,780.725,797.942,780.435,793.156,2670174500,41280153000.0,1.21,ths
2025-01-10,792.104,801.977,771.469,771.469,2825220100,42532663000.0,-2.73,ths
2025-01-13,761.406,779.911,756.417,772.438,2429697300,40183494000.0,0.13,ths
2025-01-14,775.22,811.891,774.432,811.891,3590412000,56679536000.0,5.11,ths
2025-01-15,811.24,814.032,802.955,805.932,2752986600,43619833000.0,-0.73,ths
2025-01-16,809.911,822.918,801.889,809.646,2730682900,43343537000.0,0.46,ths
2025-01-17,806.738,814.721,802.475,809.724,2413615400,38621321000.0,0.01,ths
2025-01-20,815.212,825.647,811.732,821.349,2692198000,49572379000.0,1.44,ths
2025-01-21,824.99,825.464,808.913,816.799,2378623200,39401901000.0,-0.55,ths
2025-01-22,813.408,813.408,800.909,803.915,2492150400,44168626000.0,-1.58,ths
2025-01-23,811.726,821.408,799.533,799.533,3285702800,47423628000.0,-0.55,ths
2025-01-24,797.109,809.689,796.999,809.033,3115903300,46185454000.0,1.19,ths
2025-01-27,810.052,815.146,794.38,794.38,2746244500,40174490000.0,-1.81,ths
2025-02-05,799.188,805.542,794.984,801.284,2684278300,42164191000.0,0.87,ths
2025-02-06,800.315,830.683,797.807,830.683,3734752000,60549717000.0,3.67,ths
2025-02-07,830.856,850.368,830.583,842.42,4647881900,76207105000.0,1.41,ths
2025-02-10,844.18,850.734,836.4,850.579,4165580900,65136298000.0,0.97,ths
2025-02-11,851.05,851.05,838.914,848.22,3652819200,60876071000.0,-0.28,ths
2025-02-12,845.925,866.393,845.314,866.393,4746788300,75443124000.0,2.14,ths
2025-02-13,867.044,882.547,865.985,865.985,5400211700,88533648000.0,-0.05,ths
2025-02-14,864.01,880.169,863.988,870.006,4478309300,76553543000.0,0.46,ths
2025-02-17,869.136,873.88,859.531,868.227,4269834000,68654452000.0,-0.2,ths
2025-02-18,872.723,888.205,862.238,865.893,5109410300,85689656000.0,-0.27,ths
2025-02-19,860.545,883.424,858.114,883.424,4404475800,71896188000.0,2.02,ths
2025-02-20,883.115,892.698,879.018,891.993,4811277000,75603419000.0,0.97,ths
2025-02-21,890.962,908.963,889.348,908.476,6266510600,103686605000.0,1.85,ths
2025-02-24,908.202,916.665,899.551,909.743,5708973200,93667862000.0,0.14,ths
2025-02-25,898.479,921.73,897.163,910.592,5153160900,89290130000.0,0.09,ths
2025-02-26,916.242,936.08,916.242,931.494,5371205800,90786291000.0,2.3,ths
2025-02-27,936.525,959.625,935.905,953.57,6757128900,118695161000.0,2.37,ths
2025-02-28,951.309,962.035,931.419,933.02,6851568100,120386038000.0,-2.16,ths
2025-03-03,944.974,992.144,944.974,973.962,7757240900,146662640000.0,4.39,ths
2025-03-04,955.252,958.319,940.678,955.675,5833433300,105098201000.0,-1.88,ths
2025-03-05,950.396,952.069,938.764,950.892,4633132800,82893701000.0,-0.5,ths
2025-03-06,954.121,968.579,952.869,965.405,5329265800,100295460000.0,1.53,ths
2025-03-07,959.115,962.651,941.935,948.185,4837496200,88547672000.0,-1.78,ths
2025-03-10,948.922,961.655,948.922,960.673,4086633500,76692411000.0,1.32,ths
2025-03-11,947.733,960.311,946.446,960.311,4000967300,70894236000.0,-0.04,ths
2025-03-12,965.608,968.262,960.648,961.647,4417169500,76411488000.0,0.14,ths
2025-03-13,960.64,965.974,939.548,948.685,4454280000,76709403000.0,-1.35,ths
2025-03-14,947.205,962.145,936.767,960.726,4716271600,82104677000.0,1.27,ths
2025-03-17,963.098,970.465,957.116,966.448,4355547600,76381875000.0,0.6,ths
2025-03-18,969.901,984.237,969.718,973.864,4389861100,76896633000.0,0.77,ths
2025-03-19,968.916,968.916,955.607,959.002,4155029100,72236993000.0,-1.53,ths
2025-03-20,956.668,959.91,948.435,948.877,3537832400,56920198000.0,-1.06,ths
2025-03-21,944.523,946.295,923.005,925.464,4183054000,68351996000.0,-2.47,ths
2025-03-24,926.016,927.246,891.322,911.097,3633261200,56617588000.0,-1.55,ths
2025-03-25,910.079,916.589,900.815,910.931,2996523800,46974217000.0,-0.02,ths
2025-03-26,907.576,921.936,907.576,914.439,2847739900,42472672000.0,0.39,ths
2025-03-27,910.46,921.154,899.117,909.427,2979905600,45570580000.0,-0.55,ths
2025-03-28,908.312,911.85,894.718,896.031,3015150400,42741018000.0,-1.47,ths
2025-03-31,890.089,890.483,873.341,886.602,3184537300,47523216000.0,-1.05,ths
2025-04-01,888.943,898.378,888.943,892.808,2508306100,39528575000.0,0.7,ths
2025-04-02,893.121,904.356,892.134,895.563,2433156800,36916675000.0,0.31,ths
2025-04-03,885.015,896.898,875.744,882.099,2640877500,42116039000.0,-1.5,ths
2025-04-07,822.042,826.979,751.357,758.135,4279672200,74195933000.0,-14.05,ths
2025-04-08,757.911,781.624,744.526,760.883,4464237600,67700940000.0,0.36,ths
2025-04-09,745.303,783.483,710.993,778.69,4328492400,66466130000.0,2.34,ths
2025-04-10,798.513,816.226,798.363,798.952,3771624300,57499916000.0,2.6,ths
2025-04-11,793.22,818.114,792.854,811.921,2903486300,45932508000.0,1.62,ths
2025-04-14,826.243,833.164,822.532,825.095,3082623600,48004828000.0,1.62,ths
2025-04-15,828.259,841.255,827.026,832.761,2676014200,45154312000.0,0.93,ths
2025-04-16,829.311,832.298,807.034,818.337,2681412600,44022886000.0,-1.73,ths
2025-04-17,814.54,827.215,813.942,820.078,2174723900,35462104000.0,0.21,ths
2025-04-18,818.651,830.525,814.9,827.301,2109588500,31994280000.0,0.88,ths
2025-04-21,826.119,842.979,821.77,842.979,2372076300,39622137000.0,1.9,ths
2025-04-22,841.452,842.521,834.404,838.234,2426466400,37700689000.0,-0.56,ths
2025-04-23,842.478,852.258,842.107,848.553,2749123000,41984640000.0,1.23,ths
2025-04-24,848.135,851.105,836.294,839.918,2771449200,42309405000.0,-1.02,ths
2025-04-25,840.0,847.439,835.654,840.759,2578675600,38301991000.0,0.1,ths
2025-04-28,839.985,839.985,828.969,832.425,2569367800,37162846000.0,-0.99,ths
2025-04-29,829.763,843.207,829.463,840.176,2484291300,35369332000.0,0.93,ths
2025-04-30,842.684,855.171,842.684,852.246,2799385600,42404625000.0,1.44,ths
2025-05-06,856.017,875.453,856.017,875.453,3156145500,49196261000.0,2.72,ths
2025-05-07,884.683,887.562,870.029,878.906,3329191000,53593046000.0,0.39,ths
2025-05-08,876.047,890.329,874.538,888.28,2826817700,46921662000.0,1.07,ths
2025-05-09,888.165,888.165,872.903,885.557,2740137400,45410740000.0,-0.31,ths
2025-05-12,898.94,906.084,895.285,906.084,3712922700,63898846000.0,2.32,ths
2025-05-13,912.747,913.061,900.532,901.633,3650424900,56978238000.0,-0.49,ths
2025-05-14,899.193,904.446,894.371,899.519,3163331700,53309236000.0,-0.23,ths
2025-05-15,898.275,898.275,885.847,885.847,2816441300,43369111000.0,-1.52,ths
2025-05-16,883.9,897.716,883.9,891.802,2784307700,44496015000.0,0.67,ths
2025-05-19,893.425,896.918,881.571,895.878,2782773800,43119620000.0,0.46,ths
2025-05-20,897.19,903.917,892.18,902.566,2901650400,51448007000.0,0.75,ths
2025-05-21,901.389,925.155,899.339,919.391,4394877700,85205321000.0,1.86,ths
2025-05-22,914.938,916.454,895.348,895.901,3835167200,66515036000.0,-2.55,ths
2025-05-23,894.897,909.252,890.244,892.15,3900218300,70163400000.0,-0.42,ths
2025-05-26,889.538,896.152,885.734,896.152,3507663600,61044583000.0,0.45,ths
2025-05-27,893.994,903.759,886.591,900.326,3238886300,52293877000.0,0.47,ths
2025-05-28,898.809,901.259,887.846,889.346,2834417000,46529270000.0,-1.22,ths
2025-05-29,886.419,901.754,886.419,899.733,2850958400,47073130000.0,1.17,ths
2025-05-30,897.508,897.508,884.375,885.416,2633788700,43650119000.0,-1.59,ths
2025-06-03,881.018,890.289,880.846,889.109,2606025500,41173138000.0,0.42,ths
2025-06-04,891.017,913.569,891.017,907.281,3134747100,51132887000.0,2.04,ths
2025-06-05,907.461,909.666,901.014,908.801,3164609900,47392840000.0,0.17,ths
2025-06-06,909.061,922.591,908.006,914.876,3106051800,52515561000.0,0.67,ths
2025-06-09,916.16,935.063,916.16,935.063,3454769700,59547480000.0,2.21,ths
2025-06-10,935.924,946.938,923.97,933.057,4398503100,73543861000.0,-0.21,ths
2025-06-11,933.885,948.501,933.885,936.742,4193245100,74053430000.0,0.39,ths
2025-06-12,932.61,944.284,927.914,941.007,3716771600,63479272000.0,0.46,ths
2025-06-13,934.886,938.919,922.131,922.392,4148427400,68415768000.0,-1.98,ths
2025-06-16,918.124,929.842,918.124,929.732,2890411600,47220508000.0,0.8,ths
2025-06-17,931.482,945.947,931.443,940.485,3630157500,59921376000.0,1.16,ths
2025-06-18,936.205,942.727,923.01,940.975,3546163600,56528549000.0,0.05,ths
2025-06-19,938.55,962.265,931.605,934.631,4353437100,73022526000.0,-0.67,ths
2025-06-20,934.011,958.767,934.011,940.414,4186192600,69114144000.0,0.62,ths
2025-06-23,933.64,966.912,932.29,966.806,4995679800,81543121000.0,2.81,ths
2025-06-24,968.878,1010.87,967.986,1009.808,7099045800,123111968000.0,4.45,ths
2025-06-25,1013.533,1027.187,1013.183,1023.177,7528554900,134247150000.0,1.32,ths
2025-06-26,1022.45,1044.222,1022.45,1023.885,7974514100,133345506000.0,0.07,ths
2025-06-27,1031.794,1045.405,1019.351,1022.415,7567500000,118695301000.0,-0.14,ths
2025-06-30,1024.749,1033.358,1018.058,1033.34,6542155800,98043127000.0,1.07,ths
2025-07-01,1032.567,1033.414,1011.789,1031.053,6914534900,101388463000.0,-0.22,ths
2025-07-02,1025.6,1025.948,1015.526,1021.673,5466582200,81545020000.0,-0.91,ths
2025-07-03,1021.391,1041.517,1011.351,1039.798,6063275200,100200026000.0,1.77,ths
2025-07-04,1036.37,1036.373,1015.546,1016.301,5881784600,93918434000.0,-2.26,ths
2025-07-07,1013.277,1023.979,1013.277,1020.08,4399927400,67086637000.0,0.37,ths
2025-07-08,1020.03,1035.239,1018.397,1033.77,5382705500,86447186000.0,1.34,ths
2025-07-09,1035.452,1038.238,1022.054,1024.811,5387466800,86451167000.0,-0.87,ths
2025-07-10,1023.865,1029.315,1017.781,1023.4,4588571800,74593883000.0,-0.14,ths
2025-07-11,1022.333,1028.405,1014.354,1022.654,5209292300,88518570000.0,-0.07,ths
2025-07-14,1022.86,1031.611,1022.644,1026.466,4448220300,73849588000.0,0.37,ths
2025-07-15,1024.706,1030.159,1006.759,1015.621,5216879000,82335838000.0,-1.06,ths
2025-07-16,1017.195,1022.972,1012.654,1016.891,3952270600,64563583000.0,0.13,ths
2025-07-17,1017.159,1032.763,1013.401,1032.763,4581052200,78258001000.0,1.56,ths
2025-07-18,1034.892,1047.462,1034.892,1040.778,5658124100,96054756000.0,0.78,ths
2025-07-21,1041.469,1053.222,1037.352,1053.037,5658129500,97425678000.0,1.18,ths
2025-07-22,1052.722,1068.007,1049.278,1060.877,6291044800,116245968000.0,0.74,ths
2025-07-23,1059.537,1059.672,1045.098,1046.662,5872383200,100328920000.0,-1.34,ths
2025-07-24,1046.373,1066.142,1046.373,1065.91,5864518400,110716816000.0,1.84,ths
2025-07-25,1066.818,1068.253,1061.335,1064.912,5097448600,94491901000.0,-0.09,ths
2025-07-28,1065.4,1084.372,1064.612,1084.271,5660873700,108076881000.0,1.82,ths
2025-07-29,1082.699,1090.369,1075.823,1083.975,5950615100,107354682000.0,-0.03,ths
2025-07-30,1083.034,1083.034,1054.64,1063.163,5491503700,106654191000.0,-1.92,ths
2025-07-31,1060.404,1074.125,1051.21,1054.971,5398322100,105330944000.0,-0.77,ths
2025-08-01,1054.292,1067.309,1052.679,1057.412,4578118500,81286546000.0,0.23,ths
2025-08-04,1052.285,1074.082,1048.278,1074.082,4079255800,75194337000.0,1.58,ths
2025-08-05,1077.738,1085.357,1077.426,1082.908,4783033800,83827477000.0,0.82,ths
2025-08-06,1083.068,1095.963,1078.554,1095.963,5149621700,90916773000.0,1.21,ths
2025-08-07,1097.139,1100.25,1083.047,1089.994,5593294900,100033631000.0,-0.54,ths
2025-08-08,1088.721,1093.417,1085.169,1088.571,5070572100,94432182000.0,-0.13,ths
2025-08-11,1098.706,1119.981,1096.972,1118.314,6242608000,121328530000.0,2.73,ths
2025-08-12,1120.723,1120.723,1102.277,1115.31,6066760800,122564652000.0,-0.27,ths
2025-08-13,1115.981,1130.414,1115.981,1130.414,6863379300,134027193000.0,1.35,ths
2025-08-14,1132.877,1133.433,1104.883,1107.026,6998505600,132009990000.0,-2.07,ths
2025-08-15,1106.209,1139.234,1106.209,1139.168,7143748200,132169371000.0,2.9,ths
2025-08-18,1148.296,1166.498,1142.694,1160.217,8251905100,162147540000.0,1.85,ths
2025-08-19,1160.958,1172.361,1150.418,1165.363,7321424900,144457270000.0,0.44,ths
2025-08-20,1161.695,1173.058,1153.122,1173.058,7126148300,134594940000.0,0.66,ths
2025-08-21,1174.126,1176.232,1150.621,1156.32,6720118200,123977963000.0,-1.43,ths
2025-08-22,1155.599,1167.592,1155.599,1167.491,6326393400,127780806000.0,0.97,ths
2025-08-25,1174.522,1190.212,1170.176,1183.592,8760426700,170081890000.0,1.38,ths
2025-08-26,1181.09,1190.715,1173.583,1182.976,7076852800,138181770000.0,-0.05,ths
2025-08-27,1182.879,1196.164,1155.686,1155.686,8433574400,169266560000.0,-2.31,ths
2025-08-28,1153.812,1166.106,1123.565,1162.107,7929946100,151467810000.0,0.56,ths
2025-08-29,1163.562,1201.763,1157.148,1186.923,8776589800,203881080000.0,2.14,ths
2025-09-01,1191.616,1206.498,1186.769,1206.3,8506241600,191534690000.0,1.63,ths
2025-09-02,1208.046,1215.11,1184.192,1193.444,8883267700,199336330000.0,-1.07,ths
2025-09-03,1197.575,1213.524,1179.607,1184.983,7847640000,188292060000.0,-0.71,ths
2025-09-04,1189.211,1221.345,1158.395,1180.557,9842312600,233042970000.0,-0.37,ths
2025-09-05,1180.218,1262.006,1180.218,1262.006,11912909900,287918620000.0,6.9,ths
2025-09-08,1278.897,1289.167,1259.698,1285.876,12702572000,310815370000.0,1.89,ths
2025-09-09,1275.946,1303.057,1274.295,1283.849,11889141200,268676620000.0,-0.16,ths
2025-09-10,1270.457,1284.221,1259.236,1273.286,10090647100,228002890000.0,-0.82,ths
2025-09-11,1269.626,1289.86,1255.901,1288.093,9439058400,221272850000.0,1.16,ths
2025-09-12,1287.333,1290.932,1264.789,1280.53,9997457200,231131280000.0,-0.59,ths
2025-09-15,1282.159,1302.574,1280.107,1280.549,9630407500,240117240000.0,0.0,ths
2025-09-16,1280.842,1285.173,1259.148,1285.173,9015643700,202407820000.0,0.36,ths
2025-09-17,1283.044,1300.05,1276.14,1292.117,8825756700,203240570000.0,0.54,ths
2025-09-18,1290.4,1304.726,1260.622,1274.549,11581323700,258596890000.0,-1.36,ths
2025-09-19,1271.681,1284.6,1259.919,1263.585,8237324900,191505240000.0,-0.86,ths
2025-09-22,1265.421,1272.533,1249.37,1267.728,7108005700,164782330000.0,0.33,ths
2025-09-23,1268.79,1272.359,1227.276,1253.312,8609508100,201687620000.0,-1.14,ths
2025-09-24,1246.675,1284.812,1242.686,1284.812,9054510600,215575240000.0,2.51,ths
2025-09-25,1282.916,1292.365,1274.341,1274.341,8956285200,216532250000.0,-0.81,ths
2025-09-26,1269.394,1283.388,1258.979,1259.026,8253491900,201583590000.0,-1.2,ths
2025-09-29,1268.427,1300.147,1268.427,1296.35,9173111400,224432500000.0,2.96,ths
2025-09-30,1298.394,1319.839,1298.063,1310.001,9321453300,232409750000.0,1.05,ths
2025-10-09,1322.903,1338.602,1322.331,1329.928,10098957900,258744330000.0,1.52,ths
2025-10-10,1326.595,1329.037,1288.97,1292.556,10251920400,251751490000.0,-2.81,ths
2025-10-13,1233.328,1300.386,1233.328,1297.469,9088824900,215382750000.0,0.38,ths
2025-10-14,1309.883,1315.578,1258.747,1263.671,9077801700,215524730000.0,-2.6,ths
2025-10-15,1267.752,1282.659,1257.903,1282.594,7716289600,170904520000.0,1.5,ths
2025-10-16,1279.849,1284.258,1259.726,1264.278,7571821800,162923120000.0,-1.43,ths
2025-10-17,1264.38,1277.095,1221.435,1222.184,8036458300,167124760000.0,-3.33,ths
2025-10-20,1238.702,1255.546,1234.527,1243.191,6745562100,146007920000.0,1.72,ths
2025-10-21,1249.513,1263.016,1241.99,1262.981,6670391600,149720410000.0,1.59,ths
2025-10-22,1257.051,1258.875,1245.632,1250.622,5978610800,122789578000.0,-0.98,ths
2025-10-23,1247.732,1257.349,1228.712,1255.544,6082819900,131338451000.0,0.39,ths
2025-10-24,1260.41,1276.721,1258.847,1276.721,6788330900,155810490000.0,1.69,ths
2025-10-27,1287.121,1298.624,1277.413,1289.671,7972407400,191703920000.0,1.01,ths
2025-10-28,1286.584,1307.343,1282.775,1297.057,8014197300,185638770000.0,0.57,ths
2025-10-29,1297.149,1325.596,1297.149,1325.596,8836736800,220120410000.0,2.2,ths
2025-10-30,1324.421,1339.24,1319.105,1325.0,10230096300,253555210000.0,-0.04,ths
2025-10-31,1324.854,1366.034,1324.854,1339.082,11181711600,263548580000.0,1.06,ths
2025-11-03,1337.92,1338.869,1307.721,1331.606,9535958100,210558910000.0,-0.56,ths
2025-11-04,1329.38,1333.707,1299.544,1308.873,8057471900,171372190000.0,-1.71,ths
2025-11-05,1288.49,1333.987,1288.49,1329.922,8330624600,192571960000.0,1.61,ths
2025-11-06,1333.494,1352.916,1332.187,1349.988,8487028800,189660740000.0,1.51,ths
2025-11-07,1347.174,1379.11,1338.829,1366.996,10499819900,243603910000.0,1.26,ths
2025-11-10,1376.948,1386.957,1359.299,1366.863,10121151300,244993500000.0,-0.01,ths
2025-11-11,1370.194,1387.947,1368.825,1378.481,8915162000,210494550000.0,0.85,ths
2025-11-12,1374.103,1375.298,1348.735,1367.056,8653523500,196534930000.0,-0.83,ths
2025-11-13,1369.551,1429.988,1369.551,1419.843,11314793000,290617980000.0,3.86,ths
2025-11-14,1407.71,1427.897,1400.387,1414.252,9972760300,245369550000.0,-0.39,ths
2025-11-17,1416.387,1433.843,1406.449,1428.387,9864857900,257993050000.0,1.0,ths
2025-11-18,1426.324,1432.289,1377.914,1385.204,9870461500,250461820000.0,-3.02,ths
2025-11-19,1384.389,1401.34,1361.743,1370.804,8384090900,204879020000.0,-1.04,ths
2025-11-20,1375.923,1391.085,1351.34,1353.071,8497969800,209665080000.0,-1.29,ths
2025-11-21,1326.403,1330.258,1271.019,1271.019,9102547200,194830320000.0,-6.06,ths
2025-11-24,1281.877,1287.635,1262.672,1279.926,6873700000,152816140000.0,0.7,ths
2025-11-25,1292.646,1312.226,1286.817,1305.754,6940535600,155968640000.0,2.02,ths
2025-11-26,1306.693,1311.014,1292.544,1294.637,6245295800,137034100000.0,-0.85,ths
2025-11-27,1294.942,1326.834,1294.942,1316.336,6539407900,151582460000.0,1.68,ths
2025-11-28,1314.045,1339.962,1313.784,1338.05,6466541900,151114360000.0,1.65,ths
2025-12-01,1343.099,1355.542,1337.523,1341.919,7155030400,167334490000.0,0.29,ths
2025-12-02,1340.294,1340.294,1323.878,1327.314,5730993500,123999485000.0,-1.09,ths
2025-12-03,1331.318,1333.493,1304.148,1309.016,5789239700,120154808000.0,-1.38,ths
2025-12-04,1309.704,1312.624,1287.845,1297.451,4970098700,105993768000.0,-0.88,ths
2025-12-05,1297.622,1315.285,1285.251,1314.911,5583873200,114498512000.0,1.35,ths
2025-12-08,1317.609,1341.613,1317.609,1337.945,6433492000,144379050000.0,1.75,ths
2025-12-09,1333.598,1336.006,1320.084,1322.353,5358431700,118516083000.0,-1.17,ths
2025-12-10,1321.902,1323.51,1308.005,1319.209,5264383000,116524882000.0,-0.24,ths
2025-12-11,1323.155,1324.626,1301.802,1301.802,5815407400,130444000000.0,-1.32,ths
2025-12-12,1303.307,1306.923,1292.073,1301.528,6601976900,145554400000.0,-0.02,ths
2025-12-15,1297.078,1302.906,1288.892,1290.31,5180959400,116478811000.0,-0.86,ths
2025-12-16,1289.908,1289.908,1256.638,1264.936,5910583800,118367060000.0,-1.97,ths
2025-12-17,1267.22,1293.494,1260.162,1292.545,6208966200,140209650000.0,2.18,ths
2025-12-18,1284.306,1301.366,1280.135,1280.135,5305572500,122730116000.0,-0.96,ths
2025-12-19,1284.681,1299.203,1284.681,1296.822,5833005300,122056760000.0,1.3,ths
2025-12-22,1301.808,1318.67,1300.649,1313.008,6480794500,142793810000.0,1.25,ths
2025-12-23,1311.886,1337.013,1311.45,1328.632,7218519500,174260710000.0,1.19,ths
2025-12-24,1327.733,1349.966,1327.733,1349.648,6834182300,170661840000.0,1.58,ths
2025-12-25,1346.177,1356.855,1337.41,1354.023,6155042300,147864240000.0,0.32,ths
2025-12-26,1363.367,1381.173,1357.64,1367.14,7934355600,198341160000.0,0.97,ths
2025-12-29,1368.268,1368.479,1347.738,1355.063,7303949800,183322490000.0,-0.88,ths
2025-12-30,1344.667,1362.711,1339.13,1354.645,6638877900,163935550000.0,-0.03,ths
2025-12-31,1357.747,1359.599,1343.308,1347.229,6160107100,144297750000.0,-0.55,ths
2026-01-05,1352.36,1377.507,1351.095,1377.22,7614539500,194568220000.0,2.23,ths
2026-01-06,1385.411,1403.61,1385.411,1401.536,9330860500,237289810000.0,1.77,ths
2026-01-07,1402.105,1415.787,1399.175,1406.499,9409807700,226166030000.0,0.35,ths
2026-01-08,1402.037,1414.777,1399.77,1408.586,8227617900,196175660000.0,0.15,ths
2026-01-09,1407.716,1426.886,1403.611,1419.916,9244766000,213045090000.0,0.8,ths
2026-01-12,1424.52,1442.067,1413.026,1441.997,10729599300,258499930000.0,1.56,ths
2026-01-13,1443.192,1444.628,1415.5,1419.787,10433508800,245450090000.0,-1.54,ths
2026-01-14,1418.077,1448.439,1404.181,1422.9,10680460200,249597100000.0,0.22,ths
2026-01-15,1416.326,1446.703,1415.803,1442.108,8573235400,216457260000.0,1.35,ths
2026-01-16,1448.572,1453.696,1436.297,1447.689,8721549100,211749530000.0,0.39,ths
2026-01-19,1443.422,1466.951,1443.026,1464.147,8158292700,192686730000.0,1.14,ths
2026-01-20,1465.585,1470.514,1430.4,1439.745,8364067200,196700600000.0,-1.67,ths
2026-01-21,1432.53,1462.425,1427.593,1460.853,7235175700,180759940000.0,1.47,ths
2026-01-22,1463.952,1471.911,1454.541,1463.943,7668095800,185377260000.0,0.21,ths
2026-01-23,1468.133,1510.877,1468.133,1510.877,10191938800,242633990000.0,3.21,ths
2026-01-26,1521.583,1523.729,1480.098,1489.061,10084877200,243636830000.0,-1.44,ths
2026-01-27,1481.105,1487.135,1433.584,1478.075,8663152600,207624530000.0,-0.74,ths
2026-01-28,1475.129,1477.392,1455.482,1467.863,8145951400,202451090000.0,-0.69,ths
2026-01-29,1462.852,1469.015,1436.674,1438.965,8437123700,195946020000.0,-1.97,ths
2026-01-30,1429.284,1439.55,1393.12,1431.564,8237579100,196162840000.0,-0.51,ths
2026-02-02,1423.613,1435.568,1394.108,1394.108,7128152100,164085960000.0,-2.62,ths
2026-02-03,1411.165,1439.722,1407.064,1439.722,6836177300,154862990000.0,3.27,ths
2026-02-04,1438.619,1449.113,1430.819,1448.237,6646755100,154837440000.0,0.59,ths
2026-02-05,1438.531,1446.488,1415.793,1421.649,5862270900,135205610000.0,-1.84,ths
2026-02-06,1409.703,1455.977,1404.832,1441.816,6795949200,162537520000.0,1.42,ths
2026-02-09,1461.902,1472.9,1459.786,1469.99,6488359700,150438590000.0,1.95,ths
2026-02-10,1470.326,1472.889,1461.406,1464.347,5990574200,132978890000.0,-0.38,ths
2026-02-11,1462.856,1483.094,1462.023,1476.468,6884098000,163841510000.0,0.83,ths
2026-02-12,1474.673,1486.043,1466.862,1479.285,6801486700,166979160000.0,0.19,ths
2026-02-13,1472.2,1488.673,1467.448,1468.193,5895154100,143739880000.0,-0.75,ths
2026-02-24,1489.368,1503.709,1482.635,1495.405,6994067300,165769070000.0,1.85,ths
2026-02-25,1499.672,1530.172,1497.832,1527.253,8488721100,205702550000.0,2.13,ths
2026-02-26,1535.047,1535.446,1521.331,1532.333,8554193000,218728600000.0,0.33,ths
2026-02-27,1522.83,1538.727,1522.331,1538.727,7748164900,187497010000.0,0.42,ths
2026-03-02,1516.601,1532.205,1498.076,1512.502,8706678400,207612070000.0,-1.7,ths
2026-03-03,1517.962,1527.242,1455.676,1456.941,9622676700,230939310000.0,-3.67,ths
2026-03-04,1437.061,1472.313,1437.061,1448.297,6964958500,159861200000.0,-0.59,ths
2026-03-05,1473.893,1478.455,1455.378,1465.555,7610246300,168336130000.0,1.19,ths
2026-03-06,1461.758,1483.653,1454.109,1477.1,6915096600,153027180000.0,0.79,ths
2026-03-09,1452.8,1467.26,1421.426,1464.142,8063905500,186412010000.0,-0.88,ths
2026-03-10,1477.513,1496.717,1477.513,1496.574,7268204100,178563070000.0,2.22,ths
2026-03-11,1498.546,1528.483,1497.509,1519.201,8699931500,238569000000.0,1.51,ths
2026-03-12,1518.469,1522.999,1501.056,1510.808,7819266300,195157020000.0,-0.55,ths
2026-03-13,1506.346,1535.798,1499.368,1502.876,8414557900,215828210000.0,-0.53,ths
2026-03-16,1502.491,1507.793,1485.948,1503.779,7598792200,195376020000.0,0.06,ths
2026-03-17,1507.296,1512.976,1457.279,1457.714,6998428200,174399900000.0,-3.06,ths
2026-03-18,1460.467,1462.826,1439.493,1461.266,6103997700,146969900000.0,0.24,ths
2026-03-19,1444.277,1445.593,1409.262,1414.733,6553781600,158917270000.0,-3.18,ths
2026-03-20,1422.145,1444.897,1402.77,1402.77,7589361300,207610050000.0,-0.85,ths
2026-03-23,1376.841,1406.443,1337.536,1346.189,8250107400,204598810000.0,-4.03,ths
2026-03-24,1372.777,1383.517,1330.937,1383.517,7207547300,179007850000.0,2.77,ths
2026-03-25,1390.499,1413.457,1390.499,1408.855,6780341100,174583400000.0,1.83,ths
2026-03-26,1407.409,1436.726,1399.598,1404.732,7416025100,191580040000.0,-0.29,ths
2026-03-27,1385.999,1444.913,1385.919,1436.974,7911481200,211671050000.0,2.3,ths
2026-03-30,1426.515,1437.603,1413.514,1437.603,7938248300,200139180000.0,0.04,ths
2026-03-31,1434.418,1439.695,1400.787,1400.787,7552712100,186486960000.0,-2.56,ths
2026-04-01,1425.105,1428.23,1411.914,1422.985,6753835200,165828650000.0,1.58,ths
2026-04-02,1417.964,1426.366,1390.203,1399.714,6692094200,158043360000.0,-1.64,ths
2026-04-03,1404.338,1407.087,1373.383,1375.93,5952779300,141689140000.0,-1.7,ths
2026-04-07,1382.359,1408.992,1382.359,1401.71,6051721100,141604050000.0,1.87,ths
2026-04-08,1427.895,1458.021,1424.699,1458.021,7799915100,202069440000.0,4.02,ths
2026-04-09,1448.537,1461.607,1439.926,1452.006,7430035000,193094900000.0,-0.41,ths
2026-04-10,1460.771,1497.565,1460.771,1483.386,9407816200,254622690000.0,2.16,ths
2026-04-13,1473.801,1500.049,1473.801,1499.242,8446815800,231808860000.0,1.07,ths
2026-04-14,1509.147,1529.591,1502.637,1529.587,8907262900,251301800000.0,2.02,ths
2026-04-15,1534.389,1534.389,1504.67,1508.73,8724240400,237902490000.0,-1.36,ths
2026-04-16,1515.085,1541.811,1509.643,1540.49,9360482000,258291870000.0,2.11,ths
2026-04-17,1539.638,1570.04,1539.374,1567.577,9223202100,251682500000.0,1.76,ths
2026-04-20,1566.86,1579.257,1564.456,1572.842,8491319700,237758420000.0,0.34,ths
2026-04-21,1571.481,1584.89,1559.275,1584.046,9156651200,270288760000.0,0.71,ths
2026-04-22,1580.619,1603.645,1580.619,1597.037,10009364100,270950750000.0,0.82,ths
2026-04-23,1595.283,1595.401,1560.863,1569.006,10061716300,273310360000.0,-1.76,ths
2026-04-24,1560.552,1589.194,1556.062,1578.796,9374810800,269776450000.0,0.62,ths
2026-04-27,1573.712,1602.99,1571.096,1599.21,10120895800,284169760000.0,1.29,ths
2026-04-28,1595.06,1595.439,1573.309,1579.738,9107336400,254872860000.0,-1.22,ths
2026-04-29,1570.604,1631.094,1568.736,1626.883,10453970200,314052200000.0,2.98,ths
2026-04-30,1626.954,1631.556,1614.889,1621.369,10461140900,316986780000.0,-0.34,ths
2026-05-06,1632.581,1667.253,1632.581,1664.523,10897530000,343818650000.0,2.66,ths
2026-05-07,1664.691,1677.153,1659.815,1677.153,10908564400,336084100000.0,0.76,ths
2026-05-08,1668.696,1689.686,1668.696,1677.127,10360749900,322861950000.0,-0.0,ths
2026-05-11,1685.132,1701.398,1677.747,1697.623,11181391100,331304950000.0,1.22,ths
2026-05-12,1700.477,1700.477,1667.736,1684.302,10272726200,305860640000.0,-0.78,ths
2026-05-13,1677.166,1705.749,1670.477,1705.205,9948225500,294415250000.0,1.24,ths
2026-05-14,1708.684,1708.915,1667.843,1667.843,10018033600,307452350000.0,-2.19,ths
2026-05-15,1668.993,1685.249,1646.193,1657.606,9778875500,296259260000.0,-0.61,ths
2026-05-18,1647.096,1666.857,1632.737,1658.684,8730165200,264190490000.0,0.07,ths
2026-05-19,1654.593,1668.707,1632.588,1668.085,8366442200,250563200000.0,0.57,ths
2026-05-20,1658.086,1684.311,1643.435,1679.455,8871639900,281161460000.0,0.68,ths
2026-05-21,1687.047,1703.642,1621.386,1623.356,10284950400,318344400000.0,-3.34,ths
2026-05-22,1633.751,1674.653,1625.175,1671.79,8614446200,265860480000.0,2.98,ths
2026-05-25,1680.19,1682.199,1645.718,1661.878,8860810900,283923310000.0,-0.59,ths
2026-05-26,1655.278,1658.573,1626.918,1648.028,9151010500,282714680000.0,-0.83,ths
2026-05-27,1649.197,1665.014,1610.073,1621.406,9341765800,290003410000.0,-1.62,ths
2026-05-28,1617.034,1653.589,1608.352,1648.492,8916443900,274177740000.0,1.67,ths
2026-05-29,1654.426,1655.329,1587.465,1595.793,9770352900,301441960000.0,-3.2,ths
2026-06-01,1597.229,1632.869,1596.378,1598.582,8480021700,259708240000.0,0.17,ths
2026-06-02,1598.988,1605.61,1562.771,1600.313,8639590300,264245060000.0,0.11,ths
2026-06-03,1596.729,1621.222,1583.138,1599.675,9276815600,278526370000.0,-0.04,ths
2026-06-04,1585.374,1594.026,1577.021,1585.236,8824241500,272661760000.0,-0.9,ths
2026-06-05,1581.329,1613.672,1552.19,1586.44,9537840400,288012940000.0,0.08,ths
2026-06-08,1539.681,1580.099,1516.68,1537.946,9594869800,280860490000.0,-3.06,ths
2026-06-09,1558.674,1586.974,1538.803,1586.974,9037885600,276081110000.0,3.19,ths
2026-06-10,1572.031,1579.706,1540.521,1559.264,8694665300,262226620000.0,-1.75,ths
2026-06-11,1551.93,1560.977,1533.676,1547.07,8880525800,278898410000.0,-0.78,ths
2026-06-12,1567.807,1590.564,1555.662,1567.444,11150651200,352184900000.0,1.32,ths
2026-06-15,1583.93,1630.42,1583.93,1630.42,10058055600,322743700000.0,4.02,ths
2026-06-16,1637.614,1679.176,1632.527,1674.899,10715814400,362639700000.0,2.73,ths
2026-06-17,1666.483,1691.254,1666.483,1685.627,10249572200,358239420000.0,0.64,ths
2026-06-18,1678.066,1693.435,1670.402,1684.221,10598866900,362309670000.0,-0.08,ths
2026-06-22,1688.593,1719.527,1661.216,1719.524,12159648900,432578970000.0,2.1,ths
2026-06-23,1715.705,1718.874,1672.67,1681.867,10490136500,373030100000.0,-2.19,ths
2026-06-24,1677.011,1691.79,1651.039,1687.525,10016898500,355930410000.0,0.34,ths
2026-06-25,1686.978,1694.638,1667.899,1676.234,10770849700,372202020000.0,-0.67,ths
2026-06-26,1668.194,1668.194,1615.337,1615.402,10977970500,394918120000.0,-3.63,ths
2026-06-29,1614.147,1618.736,1568.672,1597.48,10520870000,362275990000.0,-1.11,ths
2026-06-30,1595.152,1641.623,1595.152,1641.109,9241022500,325628780000.0,2.73,ths
2026-07-01,1647.98,1668.166,1639.554,1653.817,10146762000,361998500000.0,0.77,ths
2026-07-02,1628.366,1669.584,1619.553,1627.416,9729372400,330632010000.0,-1.6,ths
2026-07-03,1628.61,1641.65,1612.861,1622.579,9282667200,300318780000.0,-0.3,ths
2026-07-06,1627.041,1640.222,1582.013,1583.046,8843297200,287427740000.0,-2.44,ths
2026-07-07,1581.82,1604.581,1548.329,1556.446,7720421900,237515950000.0,-1.68,ths
2026-07-08,1554.549,1556.572,1493.57,1493.57,7884424200,243902840000.0,-4.04,ths
2026-07-09,1497.392,1504.719,1441.205,1498.931,8539958700,263554230000.0,0.36,ths
2026-07-10,1500.977,1518.175,1475.961,1476.031,8601193600,284562900000.0,-1.53,ths
2026-07-13,1464.719,1464.723,1382.299,1385.232,7829272400,227977340000.0,-6.15,ths
2026-07-14,1385.513,1414.944,1365.506,1414.944,6972922600,209442820000.0,2.14,ths
2026-07-15,1419.674,1427.406,1389.418,1394.588,6757780900,189301940000.0,-1.44,ths
2026-07-16,1380.843,1400.311,1357.075,1363.577,6435866300,173644990000.0,-2.22,ths
2026-07-17,1360.865,1362.981,1286.439,1293.231,7448635100,199619920000.0,-5.16,ths
2026-07-20,1304.992,1310.918,1213.617,1233.202,8063624400,200601950000.0,-4.64,ths
2026-07-21,1236.477,1281.22,1178.183,1281.168,9260754700,229220740000.0,3.89,ths
2026-07-22,1270.8,1287.961,1246.163,1254.71,7423163700,197341170000.0,-2.07,ths
2026-07-23,1256.441,1290.774,1253.698,1290.523,7285612000,184341610000.0,2.85,ths
2026-07-24,1274.736,1287.549,1253.211,1254.643,6168840900,154538460000.0,-2.78,ths
2026-07-27,1259.154,1304.826,1259.154,1304.826,6380572600,174050080000.0,4.0,ths
2026-07-28,1290.283,1310.924,1272.428,1278.542,6427991900,163892160000.0,-2.01,ths
2026-07-29,1278.26,1307.131,1254.473,1298.586,7875065500,194090850000.0,1.57,ths
2026-07-30,1291.269,1299.167,1257.016,1264.962,7473600600,185049220000.0,-2.59,ths
2026-07-31,1293.711,1320.731,1291.66,1292.826,7916015600,201009670000.0,2.2,ths
2026-08-03,1288.671,1299.803,1282.392,1299.691,6040026100,143480160000.0,0.53,ths
2026-08-04,1305.754,1334.486,1300.039,1330.628,6744696900,162450190000.0,2.38,ths
2026-08-05,1328.423,1377.86,1328.423,1373.435,7747464100,203194360000.0,3.22,ths
2026-08-06,1366.28,1384.164,1359.036,1379.204,8020571000,219925400000.0,0.42,ths
2026-08-07,1380.896,1406.091,1359.478,1403.403,8131355200,232378720000.0,1.75,ths
2026-08-10,1409.739,1416.108,1395.462,1416.108,7861449500,226301630000.0,0.91,ths
2026-08-11,1407.68,1417.769,1397.005,1403.743,6618584000,191600370000.0,-0.87,ths
2026-08-12,1403.37,1425.819,1403.018,1423.113,6123115800,173922520000.0,1.38,ths
2026-08-13,1430.323,1433.242,1402.08,1402.08,7151461800,203109010000.0,-1.48,ths
2026-08-14,1406.877,1423.554,1400.394,1417.254,6539715500,181257870000.0,,ths
